Shipment_ID,Date,Region,Transport_Mode,Priority,Shipment_Volume_kg,Distance_km,Delivery_Time_days,Transport_Cost,Handling_Cost,Total_Cost,Fuel_Cost,On_Time,Weather_Delay_days
S0001,2025-01-01 00:00:00,West,Road,Standard,410.13,661.8,17.8,230.7,358.64,589.34,134.64,1,1
S0002,2025-01-01 12:00:00,South,Road,Express,333.72,701.8,17.33,199.09,277.42,476.51,128.91,1,0
S0003,2025-01-02 00:00:00,West,Rail,Express,227.64,48.2,0.89,6.03,239.51,245.55,3.9,1,0
S0004,2025-01-02 12:00:00,East,Rail,Express,283.55,1177.7,21.54,183.67,324.84,508.5,126.39,1,0
S0005,2025-01-03 00:00:00,North,Road,Express,204.57,1495.1,37.71,259.99,274.56,534.55,179.4,0,1
S0006,2025-01-03 12:00:00,West,Road,Standard,398.57,811.9,20.6,275.06,273.24,548.3,192.1,1,0
S0007,2025-01-04 00:00:00,West,Road,Standard,142.17,606.9,19.41,73.34,271.74,345.07,52.11,1,3
S0008,2025-01-04 12:00:00,West,Road,Standard,661.08,613.4,16.25,344.69,527.07,871.76,197.77,1,1
S0009,2025-01-05 00:00:00,North,Road,Standard,596.47,180.3,6.08,91.4,441.2,532.59,56.68,1,0
S0010,2025-01-05 12:00:00,South,Road,Express,414.83,428.6,9.12,151.13,294.53,445.66,83.72,1,0
S0011,2025-01-06 00:00:00,South,Rail,Standard,510.52,773.1,15.06,217.08,448.22,665.29,142.09,1,0
S0012,2025-01-06 12:00:00,West,Rail,Express,494.31,670.5,13.16,182.29,413.31,595.6,118.26,1,0
S0013,2025-01-07 00:00:00,East,Road,Standard,361.38,835.8,19.62,256.72,253.16,509.88,184.56,1,0
S0014,2025-01-07 12:00:00,West,Road,Standard,307.26,1279.6,31.77,334.21,278.55,612.76,196.66,0,1
S0015,2025-01-08 00:00:00,South,Road,Standard,290.29,368.9,10.44,91.01,420.34,511.35,63.28,1,0
S0016,2025-01-08 12:00:00,North,Road,Standard,672.81,80.4,3.21,45.97,490.79,536.76,28.53,1,0
S0017,2025-01-09 00:00:00,East,Road,Standard,223.5,95.8,2.13,18.2,209.54,227.74,11.61,1,0
S0018,2025-01-09 12:00:00,North,Road,Standard,225.74,235.9,7.3,45.26,198.78,244.04,32.38,1,0
S0019,2025-01-10 00:00:00,West,Rail,Standard,532.03,872.9,19.82,255.43,492.36,747.79,144.69,1,2
S0020,2025-01-10 12:00:00,East,Road,Express,508.17,1219.9,30.88,526.95,437.64,964.6,331.37,0,0
S0021,2025-01-11 00:00:00,West,Road,Standard,298.49,1334.7,33.46,338.64,347.5,686.14,216.73,0,0
S0022,2025-01-11 12:00:00,South,Road,Standard,436.16,967.3,26.27,358.6,371.06,729.65,256.26,0,1
S0023,2025-01-12 00:00:00,West,Air,Express,463.69,628.6,2.15,903.56,431.46,1335.02,538.36,1,1
S0024,2025-01-12 12:00:00,West,Rail,Standard,168.67,265.6,5.66,24.64,174.59,199.23,18.92,1,0
S0025,2025-01-13 00:00:00,West,Road,Express,614.88,626.1,15.34,327.21,465.5,792.71,255.06,1,0
S0026,2025-01-13 12:00:00,North,Air,Standard,463.61,525.3,3.83,755.0,387.9,1142.9,557.45,1,0
S0027,2025-01-14 00:00:00,South,Road,Standard,418.53,1310.2,33.03,466.12,412.4,878.52,288.5,0,0
S0028,2025-01-14 12:00:00,North,Road,Standard,465.33,750.6,18.34,296.89,390.28,687.17,208.62,1,0
S0029,2025-01-15 00:00:00,North,Air,Standard,394.61,370.2,1.7,452.92,308.89,761.81,257.77,1,0
S0030,2025-01-15 12:00:00,East,Road,Express,324.4,461.6,13.08,127.29,301.3,428.6,95.52,1,2
S0031,2025-01-16 00:00:00,East,Road,Express,113.57,239.2,5.38,23.1,107.03,130.12,15.44,1,0
S0032,2025-01-16 12:00:00,West,Road,Standard,362.94,1381.1,35.54,426.08,215.17,641.25,251.63,0,1
S0033,2025-01-17 00:00:00,South,Road,Standard,160.72,113.5,6.54,15.51,245.81,261.31,9.7,1,2
S0034,2025-01-17 12:00:00,South,Rail,Standard,799.93,58.8,3.95,25.85,543.1,568.95,18.98,1,0
S0035,2025-01-18 00:00:00,South,Road,Standard,321.74,307.2,8.67,84.0,285.19,369.19,63.01,1,0
S0036,2025-01-18 12:00:00,North,Road,Express,793.28,1223.9,30.41,825.25,593.7,1418.95,552.53,0,0
S0037,2025-01-19 00:00:00,North,Road,Standard,365.92,804.3,20.5,250.15,384.12,634.28,165.22,1,0
S0038,2025-01-19 12:00:00,South,Road,Standard,250.84,953.7,24.42,203.35,282.02,485.37,146.96,0,0
S0039,2025-01-20 00:00:00,North,Road,Standard,606.41,562.3,15.15,289.83,540.29,830.12,214.48,1,0
S0040,2025-01-20 12:00:00,East,Road,Express,410.45,140.3,3.28,48.94,368.37,417.3,35.52,1,0
S0041,2025-01-21 00:00:00,South,Air,Express,938.91,1290.0,5.27,3754.69,650.0,4404.69,2397.06,1,0
S0042,2025-01-21 12:00:00,West,Road,Standard,247.64,320.2,8.29,67.39,267.02,334.41,47.02,1,0
S0043,2025-01-22 00:00:00,East,Road,Standard,618.6,88.3,2.99,46.41,402.38,448.79,34.68,1,0
S0044,2025-01-22 12:00:00,South,Road,Standard,634.34,876.1,23.08,472.41,511.91,984.32,276.32,1,0
S0045,2025-01-23 00:00:00,West,Road,Standard,482.14,161.6,6.75,66.23,275.13,341.36,42.34,1,0
S0046,2025-01-23 12:00:00,West,Road,Standard,636.88,179.8,7.14,97.34,443.9,541.25,54.81,1,2
S0047,2025-01-24 00:00:00,South,Road,Standard,325.38,1208.6,34.39,334.25,299.99,634.24,215.27,0,2
S0048,2025-01-24 12:00:00,South,Road,Standard,222.94,757.8,20.27,143.59,207.08,350.67,104.48,1,0
S0049,2025-01-25 00:00:00,East,Air,Standard,262.16,392.6,0.8,319.06,243.86,562.92,189.94,1,0
S0050,2025-01-25 12:00:00,North,Air,Standard,353.78,549.0,2.55,602.1,397.35,999.45,406.2,1,0
S0051,2025-01-26 00:00:00,North,Road,Standard,494.02,1104.7,26.84,463.88,441.39,905.27,259.04,0,0
S0052,2025-01-26 12:00:00,North,Road,Standard,230.88,136.9,4.54,26.86,216.12,242.99,20.32,1,0
S0053,2025-01-27 00:00:00,West,Road,Standard,290.41,210.1,6.52,51.85,258.6,310.45,38.3,1,0
S0054,2025-01-27 12:00:00,East,Road,Express,240.27,939.7,24.0,191.93,194.69,386.61,128.71,0,1
S0055,2025-01-28 00:00:00,East,Road,Standard,536.18,926.2,25.21,422.11,446.62,868.73,300.68,0,0
S0056,2025-01-28 12:00:00,West,Air,Standard,790.24,1459.8,4.01,3576.11,543.39,4119.5,2052.33,1,0
S0057,2025-01-29 00:00:00,South,Rail,Standard,203.93,586.8,14.91,65.82,143.67,209.49,49.0,1,3
S0058,2025-01-29 12:00:00,East,Rail,Standard,446.02,135.0,2.06,33.12,369.85,402.97,23.66,1,0
S0059,2025-01-30 00:00:00,North,Road,Standard,568.39,824.8,21.64,398.49,452.37,850.86,230.16,1,0
S0060,2025-01-30 12:00:00,North,Air,Standard,311.41,972.0,7.53,938.33,334.62,1272.94,727.73,1,2
S0061,2025-01-31 00:00:00,East,Road,Express,165.25,243.8,6.04,34.25,207.59,241.83,19.01,1,0
S0062,2025-01-31 12:00:00,South,Road,Standard,603.7,847.2,20.3,434.73,435.27,870.0,301.94,1,0
S0063,2025-02-01 00:00:00,East,Road,Standard,159.91,328.7,9.35,44.68,297.33,342.01,26.34,1,0
S0064,2025-02-01 12:00:00,West,Air,Standard,688.74,1273.3,4.17,2718.63,499.1,3217.73,1944.99,1,1
S0065,2025-02-02 00:00:00,East,Road,Standard,237.72,1259.3,31.71,254.47,283.13,537.59,144.08,0,0
S0066,2025-02-02 12:00:00,East,Rail,Standard,147.75,667.3,13.6,54.22,176.98,231.21,30.83,1,0
S0067,2025-02-03 00:00:00,East,Road,Express,271.97,1451.4,35.2,335.54,300.63,636.17,220.53,0,0
S0068,2025-02-03 12:00:00,South,Air,Standard,340.15,1470.5,3.73,1550.56,241.58,1792.14,1207.3,1,0
S0069,2025-02-04 00:00:00,North,Road,Standard,375.34,228.7,5.51,72.97,305.64,378.61,44.77,1,0
S0070,2025-02-04 12:00:00,South,Road,Standard,463.97,576.9,16.41,227.5,320.81,548.31,157.18,1,0
S0071,2025-02-05 00:00:00,North,Air,Standard,391.8,916.5,3.09,1113.12,308.26,1421.38,744.98,1,0
S0072,2025-02-05 12:00:00,South,Road,Express,758.93,163.9,4.72,105.71,593.68,699.39,78.61,1,0
S0073,2025-02-06 00:00:00,West,Road,Standard,332.37,598.7,15.71,169.13,275.25,444.38,104.25,1,0
S0074,2025-02-06 12:00:00,North,Road,Standard,401.86,421.3,9.97,143.91,373.35,517.26,97.52,1,0
S0075,2025-02-07 00:00:00,North,Road,Standard,385.75,1430.0,36.55,468.88,400.44,869.32,360.4,0,0
S0076,2025-02-07 12:00:00,South,Road,Standard,138.58,640.9,15.08,75.5,194.98,270.47,47.3,1,0
S0077,2025-02-08 00:00:00,South,Road,Standard,184.66,1153.5,29.56,181.06,266.28,447.34,117.88,0,0
S0078,2025-02-08 12:00:00,East,Road,Standard,354.48,604.6,17.54,182.17,338.86,521.03,137.43,1,1
S0079,2025-02-09 00:00:00,East,Air,Standard,425.49,232.4,5.6,306.6,359.26,665.86,192.08,1,3
S0080,2025-02-09 12:00:00,West,Road,Express,111.07,1300.2,32.63,122.75,214.85,337.6,78.26,0,0
S0081,2025-02-10 00:00:00,East,Road,Standard,775.87,40.6,0.8,26.78,629.53,656.31,16.6,1,0
S0082,2025-02-10 12:00:00,South,Road,Standard,442.04,121.7,2.94,45.72,334.44,380.16,33.66,1,0
S0083,2025-02-11 00:00:00,West,Road,Standard,344.82,572.0,14.12,167.65,266.48,434.13,128.08,1,0
S0084,2025-02-11 12:00:00,North,Rail,Standard,432.29,1042.9,20.41,247.95,311.95,559.91,172.36,1,0
S0085,2025-02-12 00:00:00,North,Air,Express,264.25,538.9,5.05,441.44,310.09,751.53,306.11,1,2
S0086,2025-02-12 12:00:00,North,Air,Standard,377.31,136.8,0.86,160.03,378.34,538.37,102.37,1,0
S0087,2025-02-13 00:00:00,East,Road,Express,406.55,504.0,14.18,174.18,319.44,493.62,96.3,1,0
S0088,2025-02-13 12:00:00,South,Road,Express,607.12,397.7,12.65,205.22,357.8,563.02,121.08,1,2
S0089,2025-02-14 00:00:00,North,Road,Standard,317.94,47.9,2.83,12.95,264.5,277.45,7.56,1,0
S0090,2025-02-14 12:00:00,South,Road,Standard,162.19,820.8,21.46,113.16,233.86,347.01,65.25,1,0
S0091,2025-02-15 00:00:00,North,Road,Express,219.99,210.3,6.07,39.32,237.99,277.31,27.54,1,0
S0092,2025-02-15 12:00:00,East,Rail,Standard,305.47,459.7,10.32,77.24,296.13,373.37,44.91,1,0
S0093,2025-02-16 00:00:00,South,Road,Standard,171.6,976.1,23.78,142.38,190.83,333.21,81.11,0,1
S0094,2025-02-16 12:00:00,South,Road,Express,207.91,1098.7,27.49,194.16,279.99,474.15,123.88,0,0
S0095,2025-02-17 00:00:00,South,Road,Express,221.02,424.6,11.53,79.78,257.01,336.79,48.45,1,0
S0096,2025-02-17 12:00:00,East,Road,Standard,295.39,520.6,13.96,130.72,308.86,439.58,76.28,1,0
S0097,2025-02-18 00:00:00,South,Road,Standard,439.27,400.5,10.08,149.53,368.76,518.29,87.27,1,2
S0098,2025-02-18 12:00:00,North,Road,Standard,288.54,1437.1,35.27,352.45,302.29,654.74,214.61,0,0
S0099,2025-02-19 00:00:00,North,Rail,Express,453.57,318.2,7.55,79.37,390.1,469.46,53.45,1,0
S0100,2025-02-19 12:00:00,West,Road,Standard,344.97,307.4,7.95,90.15,267.97,358.12,65.3,1,0
S0101,2025-02-20 00:00:00,West,Road,Standard,211.52,689.8,18.97,124.01,253.12,377.14,92.53,1,2
S0102,2025-02-20 12:00:00,East,Road,Standard,409.84,316.4,7.77,110.22,381.03,491.25,79.67,1,0
S0103,2025-02-21 00:00:00,North,Rail,Express,379.65,268.8,4.21,56.13,380.79,436.92,38.98,1,0
S0104,2025-02-21 12:00:00,West,Road,Express,459.31,180.0,5.95,70.27,391.35,461.62,53.32,1,1
S0105,2025-02-22 00:00:00,West,Rail,Standard,504.75,974.7,20.68,270.58,354.18,624.75,181.16,1,0
S0106,2025-02-22 12:00:00,East,Air,Standard,616.31,933.6,2.73,1783.78,422.46,2206.24,1240.92,1,0
S0107,2025-02-23 00:00:00,South,Road,Express,446.34,989.2,25.02,375.31,345.91,721.21,241.95,0,0
S0108,2025-02-23 12:00:00,South,Rail,Express,373.62,1169.0,22.43,240.22,334.02,574.24,150.21,1,0
S0109,2025-02-24 00:00:00,North,Road,Standard,460.32,516.5,13.41,202.09,367.68,569.77,126.57,1,0
S0110,2025-02-24 12:00:00,West,Air,Standard,274.56,1380.9,4.86,1175.32,220.44,1395.76,686.52,1,0
S0111,2025-02-25 00:00:00,South,Road,Standard,264.54,1110.5,27.11,249.7,214.66,464.36,183.08,0,0
S0112,2025-02-25 12:00:00,North,Air,Standard,656.69,1214.9,4.25,2473.15,386.74,2859.9,1391.73,1,0
S0113,2025-02-26 00:00:00,South,Road,Standard,260.7,1092.6,26.51,242.11,123.01,365.12,170.73,0,0
S0114,2025-02-26 12:00:00,East,Road,Standard,223.9,563.3,16.65,107.21,237.22,344.43,80.29,1,2
S0115,2025-02-27 00:00:00,North,Road,Standard,446.23,453.2,11.04,171.91,469.83,641.74,114.22,1,0
S0116,2025-02-27 12:00:00,West,Rail,Express,275.71,656.9,13.14,99.61,352.5,452.11,56.39,1,0
S0117,2025-02-28 00:00:00,West,Road,Standard,502.3,181.7,6.23,77.56,352.25,429.81,50.3,1,0
S0118,2025-02-28 12:00:00,East,Road,Standard,594.59,698.9,18.34,353.21,453.77,806.98,222.15,1,0
S0119,2025-03-01 00:00:00,South,Rail,Standard,239.73,103.0,4.31,13.58,185.94,199.52,10.55,1,0
S0120,2025-03-01 12:00:00,East,Air,Standard,471.99,45.8,2.93,66.96,320.55,387.51,47.47,1,0
S0121,2025-03-02 00:00:00,East,Road,Standard,257.61,1400.0,35.88,306.55,207.8,514.35,219.46,0,0
S0122,2025-03-02 12:00:00,East,Road,Standard,308.68,1046.4,25.27,274.57,279.63,554.19,183.59,0,0
S0123,2025-03-03 00:00:00,North,Road,Standard,400.86,860.3,20.82,293.13,332.26,625.39,209.05,1,0
S0124,2025-03-03 12:00:00,South,Rail,Standard,264.82,538.0,12.99,78.36,277.03,355.39,56.12,1,1
S0125,2025-03-04 00:00:00,North,Road,Express,383.64,873.0,21.42,284.67,360.85,645.52,160.92,1,1
S0126,2025-03-04 12:00:00,South,Air,Standard,321.2,1341.7,3.45,1335.95,281.5,1617.45,803.18,1,0
S0127,2025-03-05 00:00:00,South,Road,Express,507.7,992.5,24.83,428.3,400.86,829.16,236.84,0,0
S0128,2025-03-05 12:00:00,North,Road,Express,508.32,919.6,24.29,397.35,350.36,747.7,265.13,0,0
S0129,2025-03-06 00:00:00,North,Road,Express,265.47,711.9,16.23,160.64,205.51,366.15,120.71,1,0
S0130,2025-03-06 12:00:00,East,Road,Standard,405.21,544.7,16.14,187.62,275.41,463.03,129.49,1,2
S0131,2025-03-07 00:00:00,North,Rail,Standard,544.98,1059.9,22.95,317.69,448.95,766.64,211.28,1,2
S0132,2025-03-07 12:00:00,West,Road,Standard,206.19,1472.2,37.21,258.02,218.2,476.22,196.86,0,0
S0133,2025-03-08 00:00:00,East,Road,Standard,320.23,660.1,20.01,179.69,211.92,391.61,105.95,1,1
S0134,2025-03-08 12:00:00,South,Air,Standard,396.79,612.6,5.45,753.56,335.4,1088.96,427.39,1,0
S0135,2025-03-09 00:00:00,East,Air,Express,201.74,665.0,2.44,415.92,174.76,590.68,316.51,1,1
S0136,2025-03-09 12:00:00,North,Air,Standard,281.07,661.3,3.38,576.2,349.31,925.5,436.55,1,0
S0137,2025-03-10 00:00:00,West,Road,Express,720.77,1486.3,36.61,910.6,490.38,1400.97,643.87,0,0
S0138,2025-03-10 12:00:00,South,Road,Standard,260.31,1071.9,25.33,237.17,293.84,531.01,143.86,0,0
S0139,2025-03-11 00:00:00,West,Air,Standard,274.56,564.4,3.89,480.39,320.01,800.4,371.36,1,2
S0140,2025-03-11 12:00:00,North,Road,Standard,147.77,582.4,15.2,73.15,158.3,231.45,53.11,1,0
S0141,2025-03-12 00:00:00,South,Road,Standard,443.88,669.0,14.48,252.4,367.56,619.95,177.94,1,0
S0142,2025-03-12 12:00:00,South,Rail,Standard,189.51,93.6,3.39,9.76,249.14,258.89,5.87,1,0
S0143,2025-03-13 00:00:00,West,Road,Standard,323.61,810.6,20.25,222.98,303.19,526.16,148.95,1,0
S0144,2025-03-13 12:00:00,East,Road,Standard,224.99,1224.6,33.65,234.2,260.0,494.2,173.12,0,2
S0145,2025-03-14 00:00:00,South,Air,Standard,383.29,1004.4,2.32,1193.46,270.98,1464.44,892.54,1,0
S0146,2025-03-14 12:00:00,North,Road,Standard,69.9,329.7,9.01,19.59,183.38,202.97,13.3,1,0
S0147,2025-03-15 00:00:00,South,Road,Express,358.29,1102.9,26.45,335.89,295.18,631.07,225.13,0,0
S0148,2025-03-15 12:00:00,East,Road,Standard,402.04,1090.4,24.9,372.63,356.85,729.48,264.74,0,0
S0149,2025-03-16 00:00:00,South,Road,Standard,284.63,423.3,10.37,102.41,317.95,420.36,68.77,1,0
S0150,2025-03-16 12:00:00,North,Road,Standard,293.39,949.4,24.48,236.76,311.46,548.23,152.96,0,0
S0151,2025-03-17 00:00:00,West,Rail,Standard,267.64,932.0,18.45,137.19,282.9,420.09,78.15,1,0
S0152,2025-03-17 12:00:00,West,Rail,Standard,321.56,1266.1,25.21,223.91,325.75,549.67,129.64,0,0
S0153,2025-03-18 00:00:00,North,Road,Standard,660.86,238.7,4.5,134.07,514.45,648.52,97.18,1,0
S0154,2025-03-18 12:00:00,East,Road,Express,515.22,324.5,9.05,142.1,470.67,612.76,78.96,1,0
S0155,2025-03-19 00:00:00,North,Air,Standard,321.4,749.5,2.42,746.78,295.24,1042.02,419.71,1,0
S0156,2025-03-19 12:00:00,East,Road,Standard,281.12,104.5,4.72,24.96,281.99,306.95,18.92,1,1
S0157,2025-03-20 00:00:00,South,Road,Standard,492.41,646.8,18.94,270.7,432.77,703.47,192.72,1,1
S0158,2025-03-20 12:00:00,East,Road,Standard,371.55,1190.8,30.62,376.08,302.29,678.37,207.21,0,0
S0159,2025-03-21 00:00:00,East,Rail,Standard,199.23,257.1,7.64,28.17,169.49,197.66,17.52,1,0
S0160,2025-03-21 12:00:00,West,Road,Standard,303.61,711.5,20.89,183.62,309.18,492.8,133.23,1,3
S0161,2025-03-22 00:00:00,North,Rail,Standard,627.44,1485.1,29.27,512.49,455.82,968.31,331.09,0,0
S0162,2025-03-22 12:00:00,West,Road,Standard,435.56,778.6,19.18,288.27,305.22,593.49,189.63,1,0
S0163,2025-03-23 00:00:00,North,Road,Standard,282.62,767.6,17.82,184.39,297.97,482.36,120.87,1,0
S0164,2025-03-23 12:00:00,North,Road,Standard,156.43,855.8,21.94,113.8,270.44,384.24,67.88,1,0
S0165,2025-03-24 00:00:00,East,Road,Standard,382.38,311.6,8.69,101.27,256.97,358.23,72.5,1,0
S0166,2025-03-24 12:00:00,South,Road,Standard,345.87,254.9,8.28,74.93,356.24,431.16,42.98,1,0
S0167,2025-03-25 00:00:00,West,Road,Standard,316.62,1028.9,25.8,276.91,179.97,456.89,184.61,0,0
S0168,2025-03-25 12:00:00,West,Road,Standard,495.01,617.8,18.36,259.96,374.25,634.2,153.14,1,2
S0169,2025-03-26 00:00:00,South,Road,Standard,438.12,463.3,12.92,172.52,443.79,616.31,96.73,1,0
S0170,2025-03-26 12:00:00,West,Road,Express,159.17,85.8,2.26,11.61,192.77,204.38,6.77,1,0
S0171,2025-03-27 00:00:00,South,Road,Standard,346.8,1275.2,31.43,375.92,314.79,690.7,281.92,0,0
S0172,2025-03-27 12:00:00,South,Air,Standard,179.55,87.2,0.8,48.54,253.08,301.62,28.66,1,0
S0173,2025-03-28 00:00:00,North,Road,Express,269.84,1135.0,27.66,260.32,191.17,451.49,159.84,0,0
S0174,2025-03-28 12:00:00,West,Rail,Express,172.82,597.7,12.26,56.81,218.3,275.11,33.05,1,0
S0175,2025-03-29 00:00:00,North,Air,Standard,175.97,914.1,2.26,498.64,219.67,718.32,358.61,1,0
S0176,2025-03-29 12:00:00,North,Road,Standard,404.65,401.6,9.79,138.14,426.36,564.5,90.13,1,0
S0177,2025-03-30 00:00:00,South,Rail,Standard,385.81,266.9,7.48,56.63,276.59,333.22,43.44,1,1
S0178,2025-03-30 12:00:00,West,Air,Express,334.53,818.7,3.77,849.07,286.82,1135.9,596.73,1,0
S0179,2025-03-31 00:00:00,West,Rail,Standard,258.5,1055.6,21.65,150.08,220.4,370.48,100.89,1,1
S0180,2025-03-31 12:00:00,East,Road,Express,166.43,325.4,7.36,46.04,164.99,211.02,32.27,1,0
S0181,2025-04-01 00:00:00,West,Road,Standard,270.45,677.1,16.65,155.65,319.48,475.14,87.06,1,0
S0182,2025-04-01 12:00:00,West,Road,Express,386.63,689.2,18.03,226.49,333.84,560.33,174.09,1,0
S0183,2025-04-02 00:00:00,South,Road,Standard,382.44,355.3,10.61,115.51,305.34,420.85,88.94,1,0
S0184,2025-04-02 12:00:00,South,Air,Standard,621.25,865.0,3.13,1665.82,438.38,2104.2,1022.0,1,0
S0185,2025-04-03 00:00:00,West,Air,Standard,579.18,253.1,2.39,454.37,413.2,867.57,315.56,1,0
S0186,2025-04-03 12:00:00,East,Road,Standard,340.89,784.2,20.49,227.24,286.17,513.41,135.53,1,0
S0187,2025-04-04 00:00:00,South,Rail,Standard,269.08,205.6,4.73,30.43,211.09,241.52,20.57,1,0
S0188,2025-04-04 12:00:00,North,Road,Standard,227.82,748.9,22.69,145.02,233.66,378.68,105.47,1,3
S0189,2025-04-05 00:00:00,East,Air,Standard,153.57,494.9,4.07,235.62,188.3,423.91,180.52,1,0
S0190,2025-04-05 12:00:00,North,Road,Standard,189.41,700.3,19.13,112.74,190.08,302.82,70.81,1,0
S0191,2025-04-06 00:00:00,West,Air,Express,386.9,673.3,4.71,807.51,339.77,1147.28,572.93,1,2
S0192,2025-04-06 12:00:00,North,Rail,Express,452.42,1365.6,25.49,339.8,379.62,719.42,242.88,0,1
S0193,2025-04-07 00:00:00,North,Road,Standard,295.55,755.3,19.95,189.75,257.5,447.25,114.01,1,0
S0194,2025-04-07 12:00:00,West,Road,Standard,923.46,1235.0,30.34,969.41,621.42,1590.83,673.43,0,0
S0195,2025-04-08 00:00:00,North,Rail,Standard,190.34,369.5,9.67,38.68,321.82,360.5,27.1,1,0
S0196,2025-04-08 12:00:00,North,Road,Express,146.02,554.0,14.05,68.77,295.73,364.5,49.91,1,0
S0197,2025-04-09 00:00:00,East,Road,Standard,915.59,149.6,6.47,116.45,576.14,692.59,90.83,1,0
S0198,2025-04-09 12:00:00,West,Air,Standard,162.37,654.3,2.68,329.33,168.15,497.48,184.18,1,0
S0199,2025-04-10 00:00:00,North,Road,Express,293.6,1016.3,24.84,253.63,233.81,487.43,151.3,0,0
S0200,2025-04-10 12:00:00,South,Road,Express,237.22,1263.7,29.76,254.82,298.04,552.86,148.65,0,0
S0201,2025-04-11 00:00:00,West,Road,Standard,400.51,866.2,23.2,294.9,322.35,617.25,172.67,1,2
S0202,2025-04-11 12:00:00,West,Road,Standard,282.99,974.5,24.69,234.41,286.43,520.84,153.42,0,1
S0203,2025-04-12 00:00:00,South,Air,Standard,453.09,298.8,4.24,419.7,459.06,878.76,315.64,1,1
S0204,2025-04-12 12:00:00,North,Road,Express,499.77,94.3,2.02,40.07,394.4,434.47,26.17,1,0
S0205,2025-04-13 00:00:00,North,Road,Standard,152.81,1195.9,29.85,155.32,235.82,391.15,109.31,0,0
S0206,2025-04-13 12:00:00,North,Road,Standard,224.16,283.9,7.69,54.09,266.71,320.79,34.43,1,0
S0207,2025-04-14 00:00:00,North,Air,Standard,471.46,173.1,2.23,253.0,352.83,605.84,157.75,1,0
S0208,2025-04-14 12:00:00,East,Road,Standard,546.99,1408.8,33.17,655.03,468.51,1123.53,485.95,0,0
S0209,2025-04-15 00:00:00,North,Air,Standard,366.88,1446.7,3.89,1645.4,283.54,1928.94,1153.06,1,0
S0210,2025-04-15 12:00:00,South,Rail,Standard,414.54,939.7,19.36,214.26,408.29,622.55,135.13,1,0
S0211,2025-04-16 00:00:00,East,Rail,Express,640.06,592.8,13.29,208.69,445.6,654.29,158.66,1,0
S0212,2025-04-16 12:00:00,East,Air,Express,284.71,1256.5,3.41,1109.01,255.08,1364.09,737.11,1,0
S0213,2025-04-17 00:00:00,North,Rail,Standard,364.97,338.9,9.9,68.03,271.75,339.78,40.36,1,0
S0214,2025-04-17 12:00:00,West,Air,Express,579.48,666.9,3.22,1198.04,397.12,1595.16,792.07,1,0
S0215,2025-04-18 00:00:00,East,Road,Standard,596.69,561.2,13.93,284.66,428.98,713.63,200.74,1,0
S0216,2025-04-18 12:00:00,East,Rail,Standard,322.73,1372.5,28.44,243.63,188.09,431.72,154.57,0,2
S0217,2025-04-19 00:00:00,North,Road,Standard,227.68,1382.9,33.68,267.63,234.73,502.35,199.13,0,0
S0218,2025-04-19 12:00:00,North,Road,Express,321.02,990.3,22.96,270.22,273.7,543.92,181.75,1,0
S0219,2025-04-20 00:00:00,West,Air,Express,335.91,201.7,1.67,210.02,340.3,550.32,138.1,1,1
S0220,2025-04-20 12:00:00,South,Air,Express,223.63,744.0,1.44,515.77,262.03,777.8,385.54,1,0
S0221,2025-04-21 00:00:00,South,Rail,Express,240.1,398.2,8.2,52.58,220.21,272.79,34.52,1,0
S0222,2025-04-21 12:00:00,South,Road,Express,597.09,1332.0,31.92,676.01,427.76,1103.78,436.24,0,0
S0223,2025-04-22 00:00:00,East,Road,Standard,423.61,242.1,6.39,87.16,342.43,429.59,50.02,1,0
S0224,2025-04-22 12:00:00,West,Road,Express,294.29,119.3,4.17,29.84,348.73,378.57,18.9,1,0
S0225,2025-04-23 00:00:00,South,Road,Standard,196.17,1068.5,30.18,178.16,190.89,369.06,114.26,0,2
S0226,2025-04-23 12:00:00,West,Road,Standard,241.51,701.8,19.8,144.06,220.44,364.5,85.22,1,2
S0227,2025-04-24 00:00:00,North,Road,Standard,140.15,1264.0,30.94,150.58,146.29,296.87,103.17,0,0
S0228,2025-04-24 12:00:00,East,Road,Standard,371.43,149.0,3.82,47.03,257.6,304.62,27.42,1,0
S0229,2025-04-25 00:00:00,East,Rail,Standard,235.05,1209.6,24.57,156.37,263.09,419.46,94.05,0,0
S0230,2025-04-25 12:00:00,North,Road,Standard,385.39,94.5,2.76,30.96,341.09,372.05,21.02,1,0
S0231,2025-04-26 00:00:00,North,Air,Standard,469.19,81.0,2.86,117.79,435.78,553.57,72.07,1,0
S0232,2025-04-26 12:00:00,South,Road,Standard,388.05,713.5,18.73,235.35,380.29,615.64,164.07,1,0
S0233,2025-04-27 00:00:00,West,Road,Express,277.02,363.1,11.31,85.49,380.23,465.73,60.6,1,1
S0234,2025-04-27 12:00:00,East,Road,Standard,218.04,906.8,24.65,168.06,236.6,404.66,104.08,0,0
S0235,2025-04-28 00:00:00,West,Road,Standard,182.19,77.7,3.12,12.03,208.48,220.51,6.86,1,0
S0236,2025-04-28 12:00:00,West,Air,Standard,569.82,91.7,2.56,161.93,374.89,536.82,107.29,1,0
S0237,2025-04-29 00:00:00,South,Road,Standard,380.11,1101.6,26.27,355.94,360.41,716.34,203.37,0,0
S0238,2025-04-29 12:00:00,West,Road,Standard,284.62,346.8,9.9,83.91,281.88,365.79,56.1,1,0
S0239,2025-04-30 00:00:00,North,Air,Express,440.26,998.4,3.75,1362.57,391.45,1754.01,977.0,1,0
S0240,2025-04-30 12:00:00,North,Air,Standard,527.03,1134.9,4.01,1854.16,358.6,2212.76,1284.33,1,0
S0241,2025-05-01 00:00:00,West,Road,Standard,237.44,126.6,7.83,25.56,266.41,291.97,16.69,1,2
S0242,2025-05-01 12:00:00,West,Road,Express,374.72,1163.8,27.58,370.7,335.33,706.03,284.53,0,0
S0243,2025-05-02 00:00:00,North,Road,Standard,378.3,431.9,14.03,138.88,334.32,473.2,79.63,1,2
S0244,2025-05-02 12:00:00,East,Road,Express,627.11,608.7,15.58,324.48,434.16,758.65,244.14,1,0
S0245,2025-05-03 00:00:00,East,Road,Standard,282.72,166.5,5.75,40.01,329.01,369.02,29.37,1,0
S0246,2025-05-03 12:00:00,West,Road,Express,214.2,1264.4,29.81,230.21,330.07,560.28,148.84,0,0
S0247,2025-05-04 00:00:00,East,Air,Standard,394.3,858.7,2.51,1049.58,286.9,1336.48,614.17,1,0
S0248,2025-05-04 12:00:00,South,Road,Express,457.38,776.8,19.19,302.0,403.98,705.98,176.93,1,0
S0249,2025-05-05 00:00:00,South,Rail,Standard,360.33,1454.1,28.06,288.17,188.68,476.85,219.59,0,0
S0250,2025-05-05 12:00:00,South,Road,Express,647.37,528.4,12.77,290.75,506.14,796.89,175.54,1,0
S0251,2025-05-06 00:00:00,East,Rail,Express,282.29,1340.5,26.67,208.13,191.1,399.23,156.32,0,0
S0252,2025-05-06 12:00:00,West,Road,Standard,364.56,1090.7,28.48,338.0,296.89,634.88,225.02,0,2
S0253,2025-05-07 00:00:00,South,Air,Express,158.9,1395.7,4.75,687.49,148.31,835.8,451.13,1,3
S0254,2025-05-07 12:00:00,North,Air,Standard,208.4,1365.4,3.05,882.08,224.91,1106.99,610.83,1,0
S0255,2025-05-08 00:00:00,North,Road,Standard,238.18,1486.9,38.1,301.03,288.75,589.78,180.46,0,0
S0256,2025-05-08 12:00:00,East,Road,Express,304.97,232.2,8.89,60.2,204.16,264.36,39.04,1,1
S0257,2025-05-09 00:00:00,West,Road,Standard,171.85,1202.2,29.56,175.6,198.34,373.94,134.49,0,0
S0258,2025-05-09 12:00:00,North,Road,Standard,437.35,1214.6,29.89,451.52,337.44,788.96,273.08,0,0
S0259,2025-05-10 00:00:00,North,Air,Standard,227.98,980.8,3.63,693.17,316.54,1009.7,528.17,1,0
S0260,2025-05-10 12:00:00,East,Road,Standard,844.03,447.1,10.22,320.79,603.64,924.43,249.79,1,0
S0261,2025-05-11 00:00:00,North,Rail,Express,231.91,1449.1,27.29,184.83,194.57,379.41,103.87,0,0
S0262,2025-05-11 12:00:00,West,Road,Standard,346.91,338.5,8.83,99.8,289.59,389.4,67.09,1,0
S0263,2025-05-12 00:00:00,South,Road,Standard,326.59,769.4,19.75,213.58,369.65,583.23,125.91,1,0
S0264,2025-05-12 12:00:00,North,Road,Standard,199.78,801.4,19.86,136.08,262.02,398.1,94.3,1,0
S0265,2025-05-13 00:00:00,West,Rail,Standard,305.53,276.3,6.99,46.43,246.72,293.15,36.1,1,0
S0266,2025-05-13 12:00:00,North,Rail,Express,303.73,1094.9,19.95,182.91,275.04,457.94,138.33,1,0
S0267,2025-05-14 00:00:00,South,Road,Express,500.0,169.7,3.2,72.14,384.42,456.56,55.02,1,0
S0268,2025-05-14 12:00:00,North,Road,Standard,401.24,1051.9,27.89,358.77,316.47,675.24,214.93,0,2
S0269,2025-05-15 00:00:00,North,Rail,Standard,434.36,1279.0,23.0,305.55,281.94,587.49,206.16,1,1
S0270,2025-05-15 12:00:00,North,Road,Standard,494.9,550.1,13.24,231.41,361.7,593.11,139.78,1,0
S0271,2025-05-16 00:00:00,North,Air,Standard,437.65,1075.8,4.17,1459.48,423.22,1882.7,1104.63,1,0
S0272,2025-05-16 12:00:00,North,Road,Standard,373.26,268.9,8.75,85.31,308.14,393.45,50.67,1,0
S0273,2025-05-17 00:00:00,North,Road,Standard,237.12,1275.1,31.78,257.0,245.77,502.77,150.45,0,0
S0274,2025-05-17 12:00:00,East,Road,Standard,362.14,1430.0,36.57,440.17,325.5,765.67,243.32,0,0
S0275,2025-05-18 00:00:00,East,Road,Standard,215.86,262.9,10.06,48.24,338.54,386.78,28.55,1,0
S0276,2025-05-18 12:00:00,South,Road,Standard,316.62,1050.1,24.84,282.61,294.54,577.15,167.77,0,0
S0277,2025-05-19 00:00:00,South,Road,Standard,297.27,778.5,19.21,196.72,332.73,529.45,111.7,1,0
S0278,2025-05-19 12:00:00,South,Air,Express,306.3,816.0,2.31,774.8,261.55,1036.35,580.78,1,1
S0279,2025-05-20 00:00:00,West,Road,Standard,172.71,1071.5,26.7,157.29,203.32,360.61,114.73,0,0
S0280,2025-05-20 12:00:00,West,Road,Standard,70.53,753.6,19.36,45.18,159.36,204.53,27.49,1,0
S0281,2025-05-21 00:00:00,North,Road,Express,271.6,916.5,22.88,211.58,234.55,446.13,154.49,1,0
S0282,2025-05-21 12:00:00,North,Road,Express,548.95,377.1,9.92,175.97,412.76,588.72,113.87,1,0
S0283,2025-05-22 00:00:00,North,Road,Standard,344.51,592.6,16.62,173.54,349.44,522.98,126.4,1,0
S0284,2025-05-22 12:00:00,North,Road,Standard,530.31,1303.3,33.41,587.45,375.65,963.1,366.74,0,0
S0285,2025-05-23 00:00:00,East,Rail,Standard,216.55,200.5,5.57,23.88,239.11,262.98,16.23,1,0
S0286,2025-05-23 12:00:00,South,Road,Standard,265.21,912.5,23.57,205.7,297.76,503.46,131.19,1,0
S0287,2025-05-24 00:00:00,North,Air,Standard,868.44,309.1,3.16,832.04,560.54,1392.58,493.54,1,0
S0288,2025-05-24 12:00:00,South,Road,Standard,222.96,1275.9,33.14,241.81,291.92,533.73,165.56,0,0
S0289,2025-05-25 00:00:00,East,Air,Standard,430.41,885.4,2.7,1181.38,360.01,1541.38,853.77,1,0
S0290,2025-05-25 12:00:00,North,Road,Standard,430.1,628.5,14.98,229.75,349.12,578.87,166.16,1,0
S0291,2025-05-26 00:00:00,West,Road,Express,408.21,404.7,9.77,140.44,254.15,394.58,88.75,1,0
S0292,2025-05-26 12:00:00,North,Rail,Standard,432.96,677.8,11.77,161.4,341.31,502.71,108.03,1,0
S0293,2025-05-27 00:00:00,West,Rail,Express,221.4,1438.1,27.59,175.12,258.49,433.61,127.08,0,0
S0294,2025-05-27 12:00:00,North,Rail,Express,277.86,783.4,13.69,119.73,351.36,471.09,67.35,1,0
S0295,2025-05-28 00:00:00,West,Road,Express,80.49,725.5,17.76,49.63,189.82,239.45,28.12,1,0
S0296,2025-05-28 12:00:00,West,Rail,Standard,637.06,1129.6,23.03,395.78,521.06,916.84,251.92,1,0
S0297,2025-05-29 00:00:00,West,Air,Express,431.75,593.4,4.06,794.23,303.05,1097.28,477.65,1,2
S0298,2025-05-29 12:00:00,West,Rail,Standard,238.32,664.0,12.14,87.04,245.37,332.4,55.37,1,0
S0299,2025-05-30 00:00:00,West,Road,Standard,217.71,531.9,14.63,98.44,294.67,393.11,56.26,1,1
S0300,2025-05-30 12:00:00,East,Rail,Express,553.43,260.3,6.43,79.24,384.44,463.68,54.37,1,0
S0301,2025-05-31 00:00:00,West,Rail,Standard,230.25,1082.2,21.42,137.04,290.07,427.12,96.55,1,0
S0302,2025-05-31 12:00:00,North,Air,Standard,237.95,1314.6,6.02,969.74,283.87,1253.62,709.97,1,2
S0303,2025-06-01 00:00:00,East,Road,Standard,195.6,1362.2,33.53,226.47,239.94,466.41,158.44,0,0
S0304,2025-06-01 12:00:00,South,Road,Express,469.71,1326.0,29.91,529.4,363.55,892.95,339.44,0,0
S0305,2025-06-02 00:00:00,West,Rail,Standard,526.67,699.6,18.26,202.65,365.28,567.94,155.04,1,3
S0306,2025-06-02 12:00:00,South,Road,Standard,298.14,454.7,11.95,115.24,363.87,479.11,82.63,1,0
S0307,2025-06-03 00:00:00,South,Rail,Express,528.27,971.4,16.74,282.23,438.98,721.21,189.48,1,0
S0308,2025-06-03 12:00:00,East,Road,Standard,392.13,1433.9,35.84,477.93,351.0,828.93,285.6,0,0
S0309,2025-06-04 00:00:00,North,Road,Standard,189.8,1101.5,29.39,177.7,205.81,383.51,124.26,0,0
S0310,2025-06-04 12:00:00,North,Rail,Standard,615.28,762.5,14.87,258.02,460.11,718.13,177.03,1,0
S0311,2025-06-05 00:00:00,South,Road,Express,194.58,1045.7,27.57,172.94,234.43,407.38,122.3,0,0
S0312,2025-06-05 12:00:00,South,Road,Standard,308.48,1167.9,30.03,306.24,307.66,613.9,223.45,0,1
S0313,2025-06-06 00:00:00,North,Rail,Standard,298.55,1382.1,26.41,226.95,317.25,544.2,172.59,0,0
S0314,2025-06-06 12:00:00,South,Rail,Standard,273.73,1154.3,22.05,173.78,235.34,409.12,133.51,1,0
S0315,2025-06-07 00:00:00,South,Air,Express,117.79,672.5,2.8,245.55,118.79,364.33,170.64,1,0
S0316,2025-06-07 12:00:00,South,Road,Standard,782.03,439.5,10.96,292.12,553.91,846.03,225.57,1,0
S0317,2025-06-08 00:00:00,South,Road,Standard,126.11,769.8,19.96,82.52,110.74,193.26,62.69,1,2
S0318,2025-06-08 12:00:00,East,Air,Express,633.41,519.1,3.49,1019.37,453.81,1473.18,561.26,1,0
S0319,2025-06-09 00:00:00,South,Road,Standard,214.1,1416.4,33.99,257.77,214.84,472.61,179.58,0,0
S0320,2025-06-09 12:00:00,West,Road,Standard,249.16,781.6,20.38,165.54,279.16,444.7,97.84,1,1
S0321,2025-06-10 00:00:00,West,Road,Standard,604.15,729.2,19.86,374.47,541.5,915.97,231.38,1,1
S0322,2025-06-10 12:00:00,South,Road,Express,411.94,548.4,17.42,192.01,259.06,451.07,118.74,1,2
S0323,2025-06-11 00:00:00,South,Air,Standard,161.64,973.5,3.37,487.83,311.24,799.07,322.51,1,0
S0324,2025-06-11 12:00:00,East,Rail,Standard,159.96,799.3,14.47,70.32,197.49,267.81,38.85,1,0
S0325,2025-06-12 00:00:00,West,Rail,Standard,383.84,228.4,6.09,48.22,346.76,394.98,29.14,1,0
S0326,2025-06-12 12:00:00,East,Road,Standard,192.91,1309.0,30.84,214.65,162.43,377.09,119.5,0,0
S0327,2025-06-13 00:00:00,West,Road,Express,421.04,564.2,15.68,201.9,396.43,598.33,141.26,1,1
S0328,2025-06-13 12:00:00,East,Road,Standard,441.28,671.6,16.74,251.9,364.57,616.47,190.07,1,0
S0329,2025-06-14 00:00:00,East,Road,Standard,225.31,340.3,9.93,65.17,241.15,306.32,50.8,1,0
S0330,2025-06-14 12:00:00,South,Road,Express,255.69,848.0,23.03,184.29,173.45,357.74,120.37,1,2
S0331,2025-06-15 00:00:00,East,Road,Standard,389.73,1065.0,29.19,352.8,337.67,690.48,215.15,0,3
S0332,2025-06-15 12:00:00,North,Road,Standard,220.48,1326.5,31.9,248.6,279.33,527.92,185.51,0,0
S0333,2025-06-16 00:00:00,East,Road,Standard,344.74,115.3,8.39,33.8,298.97,332.77,19.47,1,2
S0334,2025-06-16 12:00:00,West,Rail,Standard,893.85,1461.1,28.94,718.28,664.46,1382.74,556.01,0,0
S0335,2025-06-17 00:00:00,North,Road,Standard,398.5,1067.6,27.89,361.61,390.16,751.77,258.34,0,0
S0336,2025-06-17 12:00:00,East,Road,Standard,275.58,455.1,11.64,106.6,242.72,349.32,70.99,1,0
S0337,2025-06-18 00:00:00,North,Rail,Standard,820.24,338.5,11.21,152.72,642.91,795.64,87.39,1,3
S0338,2025-06-18 12:00:00,East,Rail,Standard,485.5,472.3,11.23,126.11,389.06,515.18,69.89,1,2
S0339,2025-06-19 00:00:00,North,Rail,Standard,195.23,1318.6,27.42,141.58,229.61,371.19,95.6,0,0
S0340,2025-06-19 12:00:00,West,Road,Standard,213.59,465.4,14.91,84.5,241.93,326.43,54.52,1,0
S0341,2025-06-20 00:00:00,North,Rail,Standard,133.74,715.7,14.25,52.65,196.68,249.32,39.16,1,0
S0342,2025-06-20 12:00:00,West,Road,Express,386.4,1070.4,27.22,351.55,214.16,565.71,245.29,0,0
S0343,2025-06-21 00:00:00,West,Road,Standard,107.07,1313.1,30.44,119.51,170.54,290.05,77.6,0,1
S0344,2025-06-21 12:00:00,East,Road,Express,819.75,1001.5,25.4,697.85,509.49,1207.33,420.09,0,0
S0345,2025-06-22 00:00:00,West,Road,Standard,291.63,1139.5,28.87,282.48,353.58,636.06,186.58,0,0
S0346,2025-06-22 12:00:00,West,Road,Express,499.63,293.1,8.92,124.46,466.17,590.63,73.12,1,0
S0347,2025-06-23 00:00:00,West,Road,Standard,279.03,1321.0,31.29,313.31,311.8,625.11,220.39,0,0
S0348,2025-06-23 12:00:00,North,Rail,Standard,383.2,442.6,9.47,93.27,320.03,413.3,64.29,1,0
S0349,2025-06-24 00:00:00,East,Road,Standard,310.5,227.4,8.14,60.03,245.42,305.44,44.2,1,3
S0350,2025-06-24 12:00:00,North,Road,Standard,340.04,1465.3,36.24,423.53,277.43,700.97,276.73,0,0
S0351,2025-06-25 00:00:00,East,Road,Standard,572.89,334.4,8.56,162.84,522.51,685.34,100.0,1,0
S0352,2025-06-25 12:00:00,North,Road,Standard,703.56,239.5,8.85,143.23,475.81,619.04,106.33,1,0
S0353,2025-06-26 00:00:00,East,Road,Express,677.49,954.0,27.14,549.37,386.62,935.98,389.46,0,2
S0354,2025-06-26 12:00:00,East,Road,Standard,1224.76,505.5,13.68,526.29,839.98,1366.27,375.01,1,1
S0355,2025-06-27 00:00:00,South,Road,Express,232.39,234.7,8.24,46.36,315.34,361.7,31.13,1,1
S0356,2025-06-27 12:00:00,East,Rail,Express,400.9,917.6,17.34,202.33,415.16,617.49,152.05,1,0
S0357,2025-06-28 00:00:00,West,Air,Express,235.05,1148.1,4.39,836.57,296.0,1132.57,503.94,1,1
S0358,2025-06-28 12:00:00,West,Road,Standard,561.74,1198.1,28.96,572.06,483.03,1055.08,367.48,0,0
S0359,2025-06-29 00:00:00,South,Rail,Standard,199.96,267.0,6.97,29.37,232.36,261.73,21.53,1,0
S0360,2025-06-29 12:00:00,East,Air,Standard,577.63,853.0,0.99,1527.47,344.26,1871.73,886.82,1,0
S0361,2025-06-30 00:00:00,West,Air,Standard,366.12,1228.0,2.19,1393.73,322.62,1716.35,1025.6,1,0
S0362,2025-06-30 12:00:00,North,Road,Express,319.03,275.2,9.45,74.62,323.44,398.06,47.09,1,3
S0363,2025-07-01 00:00:00,North,Air,Standard,336.76,343.2,4.43,358.3,299.13,657.44,207.41,1,3
S0364,2025-07-01 12:00:00,North,Air,Standard,182.48,43.5,0.89,24.62,212.23,236.85,13.99,1,0
S0365,2025-07-02 00:00:00,East,Rail,Standard,190.25,806.0,14.9,84.34,181.25,265.59,62.74,1,0
S0366,2025-07-02 12:00:00,South,Road,Express,369.24,324.2,11.55,101.76,278.0,379.76,74.19,1,1
S0367,2025-07-03 00:00:00,West,Road,Standard,368.05,1097.4,30.77,343.31,405.14,748.45,211.56,0,3
S0368,2025-07-03 12:00:00,East,Road,Standard,240.31,1444.8,34.94,295.12,336.51,631.64,170.22,0,0
S0369,2025-07-04 00:00:00,South,Road,Express,290.09,344.8,9.7,85.02,279.43,364.45,51.59,1,0
S0370,2025-07-04 12:00:00,West,Road,Express,416.96,987.7,25.92,350.05,362.0,712.04,209.67,0,0
S0371,2025-07-05 00:00:00,West,Road,Standard,219.89,349.3,12.01,65.28,196.8,262.08,46.91,1,1
S0372,2025-07-05 12:00:00,South,Road,Express,125.78,66.3,3.34,7.09,218.1,225.19,4.25,1,0
S0373,2025-07-06 00:00:00,South,Road,Express,648.0,1147.5,29.69,632.03,555.58,1187.62,379.03,0,0
S0374,2025-07-06 12:00:00,South,Rail,Standard,381.62,673.6,12.38,141.39,261.07,402.46,78.81,1,0
S0375,2025-07-07 00:00:00,North,Road,Express,261.7,1422.3,34.15,316.38,284.81,601.19,217.44,0,0
S0376,2025-07-07 12:00:00,North,Road,Standard,234.69,820.1,21.85,163.59,273.34,436.93,115.9,1,0
S0377,2025-07-08 00:00:00,West,Rail,Standard,218.83,269.9,6.74,32.49,264.1,296.58,22.75,1,1
S0378,2025-07-08 12:00:00,South,Rail,Standard,560.69,696.7,15.33,214.84,502.3,717.14,146.26,1,0
S0379,2025-07-09 00:00:00,South,Air,Standard,167.17,336.2,2.73,174.24,303.56,477.8,134.54,1,0
S0380,2025-07-09 12:00:00,East,Air,Standard,400.41,1321.9,5.12,1640.85,329.72,1970.56,1080.87,1,0
S0381,2025-07-10 00:00:00,East,Air,Standard,400.24,1048.7,4.37,1301.2,370.43,1671.63,973.08,1,1
S0382,2025-07-10 12:00:00,West,Road,Standard,473.74,538.2,13.95,216.73,384.35,601.08,151.4,1,0
S0383,2025-07-11 00:00:00,West,Road,Standard,274.06,810.6,19.41,188.84,242.29,431.12,107.51,1,0
S0384,2025-07-11 12:00:00,South,Road,Standard,621.71,1017.4,26.24,537.67,474.13,1011.8,395.9,0,0
S0385,2025-07-12 00:00:00,South,Road,Standard,480.4,1183.0,28.59,483.05,414.44,897.49,330.61,0,0
S0386,2025-07-12 12:00:00,West,Air,Standard,269.54,157.0,2.83,131.2,278.01,409.2,91.88,1,0
S0387,2025-07-13 00:00:00,East,Road,Standard,229.28,72.9,2.79,14.2,206.45,220.66,8.4,1,0
S0388,2025-07-13 12:00:00,West,Road,Standard,310.92,207.1,8.51,54.73,270.15,324.88,35.61,1,2
S0389,2025-07-14 00:00:00,North,Road,Express,265.14,616.7,19.1,138.98,245.31,384.29,104.59,1,2
S0390,2025-07-14 12:00:00,West,Road,Standard,210.93,721.4,18.05,129.34,198.1,327.44,77.55,1,0
S0391,2025-07-15 00:00:00,East,Road,Express,344.0,239.2,7.07,69.95,323.31,393.26,38.48,1,1
S0392,2025-07-15 12:00:00,North,Road,Standard,291.02,640.3,15.15,158.39,298.88,457.27,96.49,1,0
S0393,2025-07-16 00:00:00,East,Air,Standard,692.21,684.8,1.69,1469.41,544.79,2014.21,972.95,1,0
S0394,2025-07-16 12:00:00,East,Road,Express,264.93,199.3,4.19,44.87,227.12,271.99,33.16,1,1
S0395,2025-07-17 00:00:00,North,Rail,Express,228.26,1378.3,26.0,173.04,219.56,392.59,120.77,0,0
S0396,2025-07-17 12:00:00,South,Rail,Standard,333.34,914.8,18.24,167.71,373.29,541.0,127.69,1,0
S0397,2025-07-18 00:00:00,West,Road,Standard,375.86,607.3,15.29,194.01,319.32,513.33,127.03,1,0
S0398,2025-07-18 12:00:00,South,Road,Standard,389.66,780.1,20.78,258.37,335.67,594.04,165.33,1,0
S0399,2025-07-19 00:00:00,South,Rail,Standard,387.85,498.7,12.97,106.39,325.44,431.83,64.18,1,2
S0400,2025-07-19 12:00:00,South,Road,Express,338.79,1287.3,30.42,370.71,357.32,728.04,222.49,0,0
S0401,2025-07-20 00:00:00,South,Air,Express,327.02,879.5,2.03,891.63,352.59,1244.23,641.36,1,0
S0402,2025-07-20 12:00:00,West,Road,Standard,442.47,762.5,18.5,286.8,413.46,700.25,163.04,1,0
S0403,2025-07-21 00:00:00,West,Rail,Standard,201.47,1369.9,26.45,151.79,232.0,383.79,91.96,0,2
S0404,2025-07-21 12:00:00,North,Rail,Standard,229.07,1263.5,22.92,159.18,206.73,365.91,119.98,1,0
S0405,2025-07-22 00:00:00,West,Road,Standard,146.11,1226.7,30.9,152.35,287.0,439.34,104.01,0,0
S0406,2025-07-22 12:00:00,West,Road,Standard,203.11,369.4,10.71,63.77,270.25,334.02,35.76,1,0
S0407,2025-07-23 00:00:00,South,Air,Standard,534.59,263.6,4.59,436.77,393.47,830.25,310.97,1,0
S0408,2025-07-23 12:00:00,West,Road,Standard,433.64,1047.5,25.95,386.12,422.57,808.69,257.36,0,0
S0409,2025-07-24 00:00:00,North,Road,Standard,736.44,724.2,18.74,453.34,500.94,954.28,338.44,1,0
S0410,2025-07-24 12:00:00,West,Road,Standard,652.53,1038.2,25.63,575.85,542.37,1118.23,407.1,0,0
S0411,2025-07-25 00:00:00,East,Road,Standard,435.4,1150.5,29.53,425.79,425.99,851.78,234.62,0,0
S0412,2025-07-25 12:00:00,East,Rail,Express,357.0,471.2,9.75,92.51,274.88,367.39,55.26,1,1
S0413,2025-07-26 00:00:00,North,Rail,Standard,336.42,455.6,9.59,84.3,331.21,415.51,51.37,1,0
S0414,2025-07-26 12:00:00,West,Road,Standard,103.68,756.6,18.25,66.68,212.22,278.9,47.44,1,0
S0415,2025-07-27 00:00:00,North,Rail,Standard,318.65,439.4,9.45,77.01,412.93,489.93,51.37,1,0
S0416,2025-07-27 12:00:00,North,Road,Standard,249.07,1014.3,25.31,214.73,223.59,438.32,155.02,0,0
S0417,2025-07-28 00:00:00,North,Road,Standard,207.66,1130.2,26.49,199.49,298.67,498.17,133.25,0,0
S0418,2025-07-28 12:00:00,West,Road,Standard,402.74,729.2,19.08,249.62,342.29,591.91,156.09,1,0
S0419,2025-07-29 00:00:00,North,Air,Standard,300.29,1096.7,4.29,1020.96,229.3,1250.26,585.87,1,0
S0420,2025-07-29 12:00:00,West,Road,Express,346.37,785.2,18.91,231.18,305.1,536.29,137.93,1,0
S0421,2025-07-30 00:00:00,East,Road,Standard,192.59,1080.8,26.94,176.92,226.03,402.96,113.62,0,0
S0422,2025-07-30 12:00:00,North,Road,Standard,490.2,368.5,9.36,153.52,341.96,495.48,103.91,1,0
S0423,2025-07-31 00:00:00,North,Rail,Standard,264.31,1118.7,24.29,162.63,279.42,442.04,124.55,0,3
S0424,2025-07-31 12:00:00,North,Road,Express,392.63,1084.1,25.91,361.79,379.05,740.84,218.93,0,0
S0425,2025-08-01 00:00:00,East,Road,Express,275.28,429.2,13.56,100.44,282.12,382.56,70.63,1,2
S0426,2025-08-01 12:00:00,West,Rail,Standard,94.06,851.7,15.38,44.06,147.35,191.41,25.78,1,0
S0427,2025-08-02 00:00:00,North,Road,Standard,410.48,1288.8,32.62,449.65,339.08,788.74,321.13,0,0
S0428,2025-08-02 12:00:00,West,Road,Standard,309.86,404.3,11.18,106.49,290.22,396.7,58.85,1,0
S0429,2025-08-03 00:00:00,North,Road,Express,140.92,1114.5,26.88,133.51,207.29,340.79,93.57,0,0
S0430,2025-08-03 12:00:00,West,Road,Standard,180.89,1432.8,34.48,220.3,269.43,489.73,129.44,0,0
S0431,2025-08-04 00:00:00,West,Road,Standard,497.02,1304.7,32.78,551.2,405.6,956.8,326.02,0,0
S0432,2025-08-04 12:00:00,West,Air,Standard,144.51,626.2,6.04,280.52,136.36,416.88,190.35,1,3
S0433,2025-08-05 00:00:00,East,Rail,Standard,260.92,926.5,18.82,132.96,238.2,371.16,84.61,1,0
S0434,2025-08-05 12:00:00,West,Rail,Express,767.45,1488.0,28.24,628.08,549.57,1177.65,413.53,0,2
S0435,2025-08-06 00:00:00,North,Air,Standard,415.51,869.9,4.19,1120.53,399.12,1519.65,695.9,1,0
S0436,2025-08-06 12:00:00,North,Road,Standard,464.63,207.9,5.7,82.12,433.95,516.07,63.18,1,0
S0437,2025-08-07 00:00:00,North,Road,Standard,287.79,106.3,3.22,26.01,358.14,384.15,16.04,1,0
S0438,2025-08-07 12:00:00,South,Air,Standard,134.61,1193.9,3.3,498.17,199.91,698.08,336.1,1,0
S0439,2025-08-08 00:00:00,East,Road,Standard,362.31,658.5,19.86,202.79,353.62,556.41,151.38,1,2
S0440,2025-08-08 12:00:00,East,Rail,Standard,187.35,400.3,9.34,41.25,157.59,198.85,28.99,1,2
S0441,2025-08-09 00:00:00,West,Rail,Express,178.22,547.6,13.81,53.68,237.37,291.05,33.51,1,3
S0442,2025-08-09 12:00:00,North,Road,Standard,342.53,1145.8,32.29,333.59,260.0,593.59,225.86,0,3
S0443,2025-08-10 00:00:00,East,Road,Standard,194.04,719.3,17.98,118.63,223.91,342.53,67.51,1,0
S0444,2025-08-10 12:00:00,North,Road,Standard,323.84,1308.0,32.9,360.05,434.46,794.51,243.22,0,0
S0445,2025-08-11 00:00:00,South,Road,Standard,232.86,1113.0,28.27,220.3,261.74,482.03,143.02,0,1
S0446,2025-08-11 12:00:00,East,Road,Standard,318.46,1462.1,36.72,395.76,256.28,652.04,286.66,0,0
S0447,2025-08-12 00:00:00,West,Road,Standard,252.68,1337.2,33.57,287.21,277.32,564.53,213.97,0,1
S0448,2025-08-12 12:00:00,East,Rail,Standard,322.72,411.6,6.31,73.07,274.23,347.3,43.54,1,0
S0449,2025-08-13 00:00:00,North,Air,Express,626.74,1002.2,3.94,1947.23,421.47,2368.7,1107.49,1,0
S0450,2025-08-13 12:00:00,East,Rail,Standard,469.62,70.0,3.61,18.08,472.94,491.01,11.57,1,0
S0451,2025-08-14 00:00:00,North,Road,Standard,305.6,1487.0,34.82,386.27,336.09,722.35,259.9,0,0
S0452,2025-08-14 12:00:00,West,Road,Standard,579.23,421.1,11.42,207.31,454.13,661.44,131.99,1,0
S0453,2025-08-15 00:00:00,East,Road,Express,395.31,1010.6,25.4,339.57,319.79,659.36,235.86,0,0
S0454,2025-08-15 12:00:00,North,Road,Standard,560.3,1279.8,32.97,609.5,414.18,1023.68,406.11,0,0
S0455,2025-08-16 00:00:00,North,Air,Express,152.81,274.3,0.8,129.93,273.46,403.38,99.45,1,0
S0456,2025-08-16 12:00:00,North,Road,Express,195.16,1277.9,31.55,211.99,241.14,453.12,136.55,0,0
S0457,2025-08-17 00:00:00,West,Road,Standard,360.28,57.9,0.8,17.72,179.43,197.15,10.08,1,0
S0458,2025-08-17 12:00:00,South,Rail,Standard,301.94,685.3,12.45,113.81,395.01,508.82,70.5,1,0
S0459,2025-08-18 00:00:00,West,Road,Standard,323.09,729.2,17.68,200.25,305.94,506.19,138.05,1,1
S0460,2025-08-18 12:00:00,East,Road,Standard,425.91,586.2,14.24,212.21,369.7,581.91,129.21,1,0
S0461,2025-08-19 00:00:00,East,Road,Standard,362.01,896.1,23.23,275.74,368.0,643.75,168.72,1,0
S0462,2025-08-19 12:00:00,North,Rail,Standard,491.04,1375.7,27.37,371.53,411.01,782.54,233.36,0,0
S0463,2025-08-20 00:00:00,West,Rail,Standard,484.68,517.4,11.88,137.93,420.18,558.11,99.53,1,0
S0464,2025-08-20 12:00:00,South,Road,Standard,199.79,885.7,22.6,150.42,210.82,361.24,115.25,1,0
S0465,2025-08-21 00:00:00,East,Air,Standard,95.83,1321.1,3.52,392.48,117.37,509.85,247.49,1,0
S0466,2025-08-21 12:00:00,East,Air,Standard,193.35,1168.6,5.1,700.44,238.95,939.39,416.73,1,0
S0467,2025-08-22 00:00:00,East,Rail,Standard,187.1,99.5,1.38,10.24,287.33,297.57,6.62,1,0
S0468,2025-08-22 12:00:00,West,Road,Standard,334.82,1416.5,34.46,403.13,275.0,678.13,254.34,0,0
S0469,2025-08-23 00:00:00,North,Road,Express,332.76,108.1,5.11,30.58,270.26,300.84,23.78,1,0
S0470,2025-08-23 12:00:00,South,Air,Standard,293.19,899.6,2.24,817.61,336.2,1153.81,536.92,1,0
S0471,2025-08-24 00:00:00,South,Road,Standard,402.55,880.0,21.17,301.12,320.83,621.94,212.66,1,0
S0472,2025-08-24 12:00:00,South,Road,Standard,931.06,1188.1,29.41,940.28,613.61,1553.89,714.78,0,0
S0473,2025-08-25 00:00:00,North,Rail,Standard,290.08,256.7,6.3,40.96,262.75,303.71,28.45,1,0
S0474,2025-08-25 12:00:00,North,Road,Standard,367.48,301.9,8.35,94.3,319.19,413.49,57.27,1,0
S0475,2025-08-26 00:00:00,South,Rail,Standard,323.06,1138.1,21.95,202.22,226.87,429.09,139.47,1,0
S0476,2025-08-26 12:00:00,South,Air,Standard,241.64,258.3,2.25,193.47,228.63,422.11,124.29,1,0
S0477,2025-08-27 00:00:00,South,Rail,Standard,427.79,725.4,15.64,170.67,365.65,536.32,110.45,1,0
S0478,2025-08-27 12:00:00,East,Road,Standard,283.17,1108.2,27.76,266.74,285.79,552.52,206.78,0,0
S0479,2025-08-28 00:00:00,East,Air,Standard,216.7,990.8,3.73,665.61,291.3,956.91,408.74,1,1
S0480,2025-08-28 12:00:00,South,Road,Standard,224.81,347.5,11.7,66.4,326.42,392.82,43.68,1,0
S0481,2025-08-29 00:00:00,South,Rail,Standard,499.44,483.8,10.3,132.89,462.75,595.64,77.98,1,0
S0482,2025-08-29 12:00:00,North,Rail,Standard,422.76,1454.7,26.59,338.25,393.68,731.93,199.93,0,0
S0483,2025-08-30 00:00:00,East,Rail,Standard,254.91,695.1,15.78,97.45,253.51,350.96,67.12,1,1
S0484,2025-08-30 12:00:00,South,Road,Standard,399.42,104.9,3.67,35.62,311.64,347.26,25.74,1,0
S0485,2025-08-31 00:00:00,North,Road,Standard,324.89,360.6,9.93,99.58,299.5,399.08,69.35,1,0
S0486,2025-08-31 12:00:00,South,Road,Standard,370.51,540.0,15.05,170.05,350.13,520.18,106.41,1,1
S0487,2025-09-01 00:00:00,South,Road,Standard,238.54,1499.3,35.87,303.99,288.19,592.18,171.36,0,0
S0488,2025-09-01 12:00:00,North,Road,Express,190.05,481.9,12.68,77.85,252.57,330.42,51.24,1,0
S0489,2025-09-02 00:00:00,East,Road,Standard,282.4,78.5,5.27,18.85,269.86,288.72,12.56,1,0
S0490,2025-09-02 12:00:00,East,Road,Standard,206.53,788.9,18.93,138.49,269.0,407.48,100.71,1,0
S0491,2025-09-03 00:00:00,East,Rail,Standard,198.97,162.1,3.82,17.73,286.17,303.91,12.37,1,0
S0492,2025-09-03 12:00:00,East,Air,Express,157.35,440.1,1.51,214.69,246.15,460.83,161.1,1,0
S0493,2025-09-04 00:00:00,East,Road,Standard,96.21,1488.9,35.81,121.76,171.47,293.23,88.89,0,0
S0494,2025-09-04 12:00:00,South,Rail,Standard,257.13,1068.8,20.24,151.15,223.9,375.05,95.85,1,0
S0495,2025-09-05 00:00:00,West,Rail,Express,543.86,114.0,4.14,34.09,380.53,414.62,23.71,1,0
S0496,2025-09-05 12:00:00,East,Road,Standard,480.21,695.1,19.98,283.72,353.46,637.17,204.81,1,1
S0497,2025-09-06 00:00:00,South,Road,Express,671.77,290.6,7.85,165.93,501.04,666.97,127.78,1,0
S0498,2025-09-06 12:00:00,East,Rail,Standard,194.7,219.5,3.45,23.51,250.48,273.98,15.21,1,0
S0499,2025-09-07 00:00:00,South,Air,Standard,440.98,897.1,2.34,1226.38,298.88,1525.27,857.37,1,0
S0500,2025-09-07 12:00:00,South,Rail,Standard,304.91,778.3,15.01,130.51,265.02,395.53,83.57,1,0
S0501,2025-09-08 00:00:00,East,Air,Standard,225.0,1124.6,6.07,784.4,254.7,1039.1,564.53,1,0
S0502,2025-09-08 12:00:00,West,Air,Express,514.3,1342.8,4.1,2140.79,362.38,2503.17,1626.49,1,0
S0503,2025-09-09 00:00:00,West,Road,Standard,306.4,400.2,11.68,104.22,308.05,412.26,79.35,1,0
S0504,2025-09-09 12:00:00,South,Rail,Express,125.67,1387.6,25.23,95.91,175.29,271.2,56.22,0,1
S0505,2025-09-10 00:00:00,East,Road,Standard,477.76,796.3,23.4,323.36,350.22,673.58,193.03,1,2
S0506,2025-09-10 12:00:00,West,Air,Standard,386.41,417.9,3.56,500.59,334.92,835.51,362.24,1,0
S0507,2025-09-11 00:00:00,South,Road,Express,344.02,1274.8,32.09,372.79,326.86,699.65,259.14,0,0
S0508,2025-09-11 12:00:00,West,Road,Standard,175.61,91.9,2.32,13.71,178.4,192.11,10.4,1,0
S0509,2025-09-12 00:00:00,South,Air,Express,363.4,856.9,3.93,965.32,308.95,1274.27,600.6,1,0
S0510,2025-09-12 12:00:00,North,Road,Standard,627.54,1093.6,27.32,583.32,486.19,1069.51,434.6,0,0
S0511,2025-09-13 00:00:00,North,Rail,Standard,381.31,448.8,9.91,94.12,295.43,389.55,66.57,1,1
S0512,2025-09-13 12:00:00,West,Road,Standard,145.82,1300.7,31.69,161.22,125.6,286.82,95.92,0,1
S0513,2025-09-14 00:00:00,North,Air,Standard,395.18,390.8,2.7,478.77,268.2,746.97,277.25,1,0
S0514,2025-09-14 12:00:00,South,Air,Standard,383.22,1266.2,5.35,1504.24,311.96,1816.19,1070.45,1,2
S0515,2025-09-15 00:00:00,South,Road,Standard,458.12,154.7,7.49,60.23,312.64,372.87,35.32,1,1
S0516,2025-09-15 12:00:00,North,Rail,Standard,378.13,273.5,6.51,56.88,312.32,369.2,41.67,1,0
S0517,2025-09-16 00:00:00,South,Road,Standard,199.31,596.2,17.46,101.01,304.54,405.55,68.5,1,2
S0518,2025-09-16 12:00:00,East,Road,Express,335.13,1286.9,31.69,366.59,242.28,608.88,241.83,0,0
S0519,2025-09-17 00:00:00,North,Rail,Standard,284.79,251.1,6.93,39.33,263.92,303.25,24.12,1,0
S0520,2025-09-17 12:00:00,West,Rail,Standard,354.44,1318.1,24.11,256.96,410.9,667.86,199.48,0,0
S0521,2025-09-18 00:00:00,West,Road,Express,523.28,375.4,8.73,166.98,426.17,593.14,119.57,1,0
S0522,2025-09-18 12:00:00,South,Road,Standard,232.5,700.7,17.97,138.47,231.33,369.8,100.94,1,0
S0523,2025-09-19 00:00:00,North,Rail,Standard,720.72,555.0,12.57,220.0,509.33,729.33,159.89,1,2
S0524,2025-09-19 12:00:00,East,Road,Standard,393.96,212.5,5.85,71.15,356.0,427.14,48.69,1,0
S0525,2025-09-20 00:00:00,North,Road,Standard,479.06,1418.7,34.49,577.69,459.79,1037.48,442.59,0,0
S0526,2025-09-20 12:00:00,South,Road,Standard,448.71,679.7,17.52,259.25,342.9,602.15,177.4,1,0
S0527,2025-09-21 00:00:00,West,Road,Standard,386.43,1047.9,25.54,344.19,298.44,642.64,230.48,0,0
S0528,2025-09-21 12:00:00,West,Air,Standard,420.57,879.9,1.47,1147.17,289.27,1436.44,703.16,1,0
S0529,2025-09-22 00:00:00,West,Road,Standard,51.35,772.5,19.09,33.72,152.88,186.6,20.73,1,0
S0530,2025-09-22 12:00:00,South,Road,Standard,448.3,940.2,28.63,358.27,303.31,661.58,257.77,0,3
S0531,2025-09-23 00:00:00,East,Air,Standard,207.13,1351.6,3.82,867.85,213.05,1080.91,544.14,1,0
S0532,2025-09-23 12:00:00,East,Road,Standard,315.27,1061.0,27.33,284.32,252.51,536.83,204.03,0,0
S0533,2025-09-24 00:00:00,South,Rail,Standard,385.14,817.4,16.85,173.15,380.16,553.32,133.18,1,0
S0534,2025-09-24 12:00:00,East,Road,Express,534.45,982.0,25.44,446.1,391.07,837.17,290.43,0,0
S0535,2025-09-25 00:00:00,North,Air,Standard,207.16,925.3,5.09,594.25,251.8,846.05,340.14,1,2
S0536,2025-09-25 12:00:00,North,Rail,Standard,260.28,672.4,10.96,96.25,190.97,287.22,67.69,1,0
S0537,2025-09-26 00:00:00,East,Air,Standard,277.66,952.2,3.76,819.55,278.63,1098.18,452.55,1,0
S0538,2025-09-26 12:00:00,North,Road,Standard,356.51,687.6,17.25,208.37,261.94,470.3,152.32,1,0
S0539,2025-09-27 00:00:00,North,Road,Standard,286.04,1146.1,32.58,278.66,258.17,536.83,186.96,0,1
S0540,2025-09-27 12:00:00,West,Rail,Standard,421.47,1454.6,27.7,337.19,451.31,788.5,223.44,0,0
S0541,2025-09-28 00:00:00,West,Road,Express,128.24,1441.4,33.88,157.12,232.48,389.6,106.99,0,0
S0542,2025-09-28 12:00:00,East,Road,Standard,303.29,1238.3,30.96,319.22,281.03,600.25,213.49,0,0
S0543,2025-09-29 00:00:00,West,Road,Express,657.07,918.6,22.5,513.03,625.34,1138.36,320.37,1,0
S0544,2025-09-29 12:00:00,West,Air,Standard,286.41,1134.0,4.5,1006.87,236.34,1243.22,618.97,1,0
S0545,2025-09-30 00:00:00,North,Rail,Standard,394.66,300.0,8.43,65.11,389.5,454.61,42.03,1,0
S0546,2025-09-30 12:00:00,South,Rail,Standard,495.52,739.4,14.99,201.5,323.56,525.07,152.3,1,0
S0547,2025-10-01 00:00:00,South,Rail,Standard,388.58,415.7,11.31,88.84,322.74,411.58,51.63,1,2
S0548,2025-10-01 12:00:00,North,Road,Express,751.73,45.1,1.71,28.82,472.8,501.62,18.0,1,0
S0549,2025-10-02 00:00:00,West,Road,Express,338.91,1451.4,37.1,418.12,317.98,736.09,248.46,0,1
S0550,2025-10-02 12:00:00,South,Road,Express,431.48,1301.2,30.38,477.23,359.83,837.06,309.36,0,0
S0551,2025-10-03 00:00:00,South,Rail,Standard,363.56,790.0,16.34,157.97,306.11,464.08,91.73,1,0
S0552,2025-10-03 12:00:00,North,Road,Express,594.03,411.1,12.34,207.56,495.86,703.42,150.48,1,0
S0553,2025-10-04 00:00:00,North,Air,Standard,266.49,1051.7,3.67,868.87,241.05,1109.93,498.56,1,0
S0554,2025-10-04 12:00:00,West,Rail,Express,781.01,674.8,12.05,289.87,564.27,854.14,203.78,1,0
S0555,2025-10-05 00:00:00,North,Road,Standard,235.35,1212.9,28.27,242.63,286.37,529.0,148.39,0,0
S0556,2025-10-05 12:00:00,North,Road,Standard,687.15,1499.3,36.82,875.71,431.19,1306.89,576.74,0,0
S0557,2025-10-06 00:00:00,South,Road,Standard,195.29,549.7,14.83,91.24,193.73,284.97,54.38,1,0
S0558,2025-10-06 12:00:00,South,Air,Standard,438.07,396.8,2.83,538.9,363.36,902.27,386.91,1,0
S0559,2025-10-07 00:00:00,East,Air,Standard,324.89,430.4,2.64,433.46,327.05,760.51,332.95,1,1
S0560,2025-10-07 12:00:00,South,Air,Express,490.66,176.3,2.08,268.14,453.82,721.96,161.15,1,0
S0561,2025-10-08 00:00:00,North,Road,Express,399.28,615.3,14.83,208.83,329.89,538.72,160.64,1,0
S0562,2025-10-08 12:00:00,North,Road,Express,478.13,65.4,2.06,26.6,368.73,395.33,16.62,1,0
S0563,2025-10-09 00:00:00,West,Road,Standard,191.92,207.0,7.75,33.77,186.29,220.06,22.91,1,1
S0564,2025-10-09 12:00:00,East,Road,Standard,140.03,436.7,11.0,51.97,211.86,263.84,36.97,1,0
S0565,2025-10-10 00:00:00,East,Road,Standard,176.58,273.4,6.88,41.04,203.75,244.79,24.45,1,0
S0566,2025-10-10 12:00:00,East,Road,Standard,174.37,1109.0,27.49,164.36,203.57,367.94,107.21,0,0
S0567,2025-10-11 00:00:00,West,Air,Standard,190.76,194.2,2.97,114.83,220.69,335.53,64.95,1,0
S0568,2025-10-11 12:00:00,North,Road,Standard,243.14,1304.4,32.25,269.57,278.55,548.12,191.48,0,0
S0569,2025-10-12 00:00:00,South,Road,Standard,242.09,362.8,10.39,74.66,227.78,302.44,48.22,1,0
S0570,2025-10-12 12:00:00,East,Rail,Standard,328.59,198.5,8.02,35.88,265.98,301.86,27.09,1,2
S0571,2025-10-13 00:00:00,South,Road,Standard,214.51,54.8,2.77,9.98,257.41,267.39,6.12,1,0
S0572,2025-10-13 12:00:00,West,Rail,Standard,222.99,1084.2,21.34,132.97,106.49,239.45,101.38,1,0
S0573,2025-10-14 00:00:00,South,Rail,Standard,294.77,414.7,7.87,67.23,254.96,322.19,39.16,1,0
S0574,2025-10-14 12:00:00,West,Air,Express,522.59,783.9,2.7,1269.89,355.62,1625.51,875.72,1,0
S0575,2025-10-15 00:00:00,West,Rail,Standard,264.28,203.0,5.21,29.5,319.5,349.0,18.31,1,0
S0576,2025-10-15 12:00:00,South,Road,Express,318.22,1478.5,36.44,399.93,275.18,675.11,236.68,0,0
S0577,2025-10-16 00:00:00,West,Rail,Standard,343.28,223.1,7.51,42.12,283.57,325.69,24.07,1,0
S0578,2025-10-16 12:00:00,East,Road,Standard,201.78,641.4,16.95,110.01,228.79,338.8,77.09,1,0
S0579,2025-10-17 00:00:00,West,Road,Standard,276.87,1283.4,31.79,302.03,245.48,547.52,182.32,0,0
S0580,2025-10-17 12:00:00,South,Road,Express,231.72,397.5,14.53,78.3,229.33,307.63,53.38,1,3
S0581,2025-10-18 00:00:00,South,Road,Standard,499.19,429.8,12.18,182.36,398.93,581.29,141.38,1,0
S0582,2025-10-18 12:00:00,East,Rail,Standard,479.85,1220.4,23.3,322.09,364.92,687.01,200.55,1,0
S0583,2025-10-19 00:00:00,North,Road,Standard,220.32,439.1,13.66,82.23,221.86,304.09,45.89,1,0
S0584,2025-10-19 12:00:00,South,Road,Standard,315.31,44.2,2.17,11.84,247.96,259.81,6.9,1,0
S0585,2025-10-20 00:00:00,West,Road,Standard,431.64,664.8,16.97,243.89,305.48,549.37,140.83,1,0
S0586,2025-10-20 12:00:00,East,Rail,Standard,378.69,58.3,6.61,12.14,331.01,343.15,7.97,1,3
S0587,2025-10-21 00:00:00,North,Road,Standard,398.08,1368.3,34.08,462.99,352.74,815.73,333.94,0,0
S0588,2025-10-21 12:00:00,South,Rail,Standard,202.39,977.0,20.91,108.76,167.05,275.81,67.23,1,0
S0589,2025-10-22 00:00:00,North,Air,Standard,675.12,891.2,2.64,1865.16,525.51,2390.67,1088.4,1,0
S0590,2025-10-22 12:00:00,North,Road,Standard,240.84,334.3,7.96,68.44,286.84,355.28,47.73,1,1
S0591,2025-10-23 00:00:00,West,Rail,Express,237.5,1061.9,19.7,138.71,294.49,433.2,85.9,1,0
S0592,2025-10-23 12:00:00,South,Road,Express,165.99,1028.8,27.53,145.16,224.79,369.95,99.04,0,2
S0593,2025-10-24 00:00:00,South,Road,Standard,300.99,128.3,5.22,32.82,314.21,347.03,25.1,1,0
S0594,2025-10-24 12:00:00,East,Rail,Standard,548.83,1326.0,25.61,400.27,520.18,920.46,246.97,0,0
S0595,2025-10-25 00:00:00,North,Air,Standard,376.88,885.9,4.62,1035.06,313.71,1348.77,691.29,1,0
S0596,2025-10-25 12:00:00,South,Road,Standard,312.38,1197.0,29.17,317.83,244.75,562.58,233.79,0,0
S0597,2025-10-26 00:00:00,East,Road,Standard,463.37,423.9,10.46,166.94,305.82,472.77,118.38,1,0
S0598,2025-10-26 12:00:00,East,Road,Standard,542.37,218.2,7.63,100.59,497.31,597.9,72.71,1,0
S0599,2025-10-27 00:00:00,West,Road,Express,479.34,1065.6,26.93,434.16,463.23,897.39,315.93,0,0
S0600,2025-10-27 12:00:00,East,Rail,Standard,119.94,1199.1,21.96,79.1,144.36,223.46,53.33,1,0
S0601,2025-10-28 00:00:00,South,Road,Express,465.26,603.6,13.91,238.71,343.16,581.87,160.72,1,0
S0602,2025-10-28 12:00:00,West,Rail,Standard,405.56,74.6,2.7,16.64,328.48,345.11,11.9,1,1
S0603,2025-10-29 00:00:00,West,Road,Standard,217.94,1234.7,30.34,228.71,294.96,523.67,162.49,0,0
S0604,2025-10-29 12:00:00,East,Rail,Standard,406.36,340.9,7.29,76.19,285.57,361.76,53.65,1,0
S0605,2025-10-30 00:00:00,West,Rail,Standard,549.36,535.0,10.93,161.64,333.65,495.29,103.11,1,0
S0606,2025-10-30 12:00:00,West,Rail,Express,246.01,957.2,18.68,129.52,352.84,482.36,95.92,1,0
S0607,2025-10-31 00:00:00,West,Road,Standard,495.49,185.9,4.44,78.31,406.58,484.89,47.32,1,0
S0608,2025-10-31 12:00:00,North,Road,Standard,380.82,145.1,4.1,46.97,349.9,396.87,27.52,1,0
S0609,2025-11-01 00:00:00,East,Road,Standard,64.34,77.5,1.77,4.24,146.16,150.4,2.67,1,0
S0610,2025-11-01 12:00:00,South,Road,Express,323.46,1378.3,34.03,378.95,318.87,697.82,230.55,0,0
S0611,2025-11-02 00:00:00,East,Road,Standard,373.64,494.6,13.35,157.09,257.36,414.45,110.36,1,0
S0612,2025-11-02 12:00:00,East,Road,Express,282.21,1004.6,23.97,240.97,237.37,478.34,145.34,0,0
S0613,2025-11-03 00:00:00,West,Rail,Express,387.59,1484.3,29.35,316.41,337.9,654.31,221.8,0,1
S0614,2025-11-03 12:00:00,West,Road,Standard,306.95,1017.4,26.99,265.45,186.63,452.08,177.33,0,0
S0615,2025-11-04 00:00:00,South,Rail,Standard,857.48,806.6,18.37,380.42,578.0,958.42,222.57,1,0
S0616,2025-11-04 12:00:00,East,Road,Standard,272.64,800.5,20.6,185.52,253.56,439.08,113.06,1,0
S0617,2025-11-05 00:00:00,East,Rail,Express,221.03,590.3,11.08,71.76,227.95,299.71,48.08,1,0
S0618,2025-11-05 12:00:00,South,Road,Standard,483.66,915.7,22.66,376.44,361.21,737.66,270.52,1,0
S0619,2025-11-06 00:00:00,North,Road,Standard,289.65,1439.8,36.21,354.5,234.49,588.99,227.44,0,0
S0620,2025-11-06 12:00:00,North,Road,Standard,314.92,1190.5,28.94,318.69,211.21,529.9,192.34,0,1
S0621,2025-11-07 00:00:00,West,Air,Standard,302.06,659.4,3.53,617.42,292.65,910.07,381.48,1,0
S0622,2025-11-07 12:00:00,South,Road,Standard,471.04,525.4,15.7,210.35,365.57,575.91,120.29,1,0
S0623,2025-11-08 00:00:00,West,Road,Standard,190.03,1330.0,35.21,214.82,162.63,377.45,119.39,0,0
S0624,2025-11-08 12:00:00,South,Road,Standard,495.02,238.2,7.43,100.25,395.08,495.32,77.57,1,0
S0625,2025-11-09 00:00:00,West,Rail,Standard,421.35,1280.4,27.03,296.72,338.47,635.19,169.78,0,0
S0626,2025-11-09 12:00:00,South,Road,Standard,721.81,412.4,10.26,253.03,496.25,749.28,146.44,1,0
S0627,2025-11-10 00:00:00,West,Road,Standard,359.85,1084.8,26.15,331.82,220.86,552.68,248.97,0,0
S0628,2025-11-10 12:00:00,North,Road,Express,197.04,1217.1,30.21,203.84,259.1,462.94,143.22,0,0
S0629,2025-11-11 00:00:00,East,Air,Standard,361.75,736.4,1.61,825.83,263.47,1089.3,537.03,1,0
S0630,2025-11-11 12:00:00,West,Road,Standard,383.29,320.7,8.82,104.49,333.66,438.15,73.07,1,0
S0631,2025-11-12 00:00:00,West,Road,Express,571.97,1273.4,31.1,619.08,398.21,1017.29,473.62,0,0
S0632,2025-11-12 12:00:00,West,Air,Standard,196.8,576.6,1.85,351.74,210.74,562.49,201.5,1,0
S0633,2025-11-13 00:00:00,North,Road,Standard,145.89,508.2,12.95,63.02,252.09,315.11,38.19,1,0
S0634,2025-11-13 12:00:00,South,Road,Standard,365.37,784.6,19.5,243.67,344.87,588.55,182.24,1,0
S0635,2025-11-14 00:00:00,North,Road,Express,736.92,675.2,17.16,422.95,576.16,999.11,308.56,1,0
S0636,2025-11-14 12:00:00,North,Road,Standard,450.68,1037.3,27.43,397.35,382.74,780.09,309.41,0,0
S0637,2025-11-15 00:00:00,East,Road,Standard,463.13,240.3,6.32,94.6,392.55,487.15,58.86,1,0
S0638,2025-11-15 12:00:00,East,Road,Standard,163.76,676.1,17.53,94.11,129.92,224.03,72.22,1,0
S0639,2025-11-16 00:00:00,West,Rail,Standard,336.83,1341.9,25.21,248.59,290.97,539.56,156.38,0,0
S0640,2025-11-16 12:00:00,West,Rail,Standard,577.14,92.7,4.4,29.41,427.31,456.72,21.01,1,3
S0641,2025-11-17 00:00:00,East,Road,Standard,385.47,707.7,20.2,231.88,387.07,618.95,174.61,1,2
S0642,2025-11-17 12:00:00,West,Road,Express,140.75,1004.4,24.82,120.16,174.63,294.8,70.81,0,0
S0643,2025-11-18 00:00:00,North,Road,Express,333.61,1336.1,31.56,378.86,315.4,694.27,226.29,0,0
S0644,2025-11-18 12:00:00,North,Air,Standard,435.78,906.9,0.8,1225.18,369.84,1595.01,837.56,1,0
S0645,2025-11-19 00:00:00,East,Road,Standard,50.05,1243.7,30.71,52.91,199.62,252.53,39.37,0,0
S0646,2025-11-19 12:00:00,West,Rail,Express,316.27,365.1,5.57,63.51,287.93,351.44,36.09,1,0
S0647,2025-11-20 00:00:00,North,Road,Standard,209.17,555.1,14.27,98.7,272.3,370.99,73.6,1,0
S0648,2025-11-20 12:00:00,South,Rail,Standard,490.68,1415.5,26.02,382.01,313.15,695.16,240.25,0,0
S0649,2025-11-21 00:00:00,East,Road,Express,267.33,1333.5,32.36,303.02,194.4,497.42,194.97,0,0
S0650,2025-11-21 12:00:00,North,Rail,Standard,403.03,854.6,17.12,189.44,238.92,428.36,119.0,1,0
S0651,2025-11-22 00:00:00,South,Road,Express,329.34,734.2,19.9,205.53,336.51,542.04,156.13,1,0
S0652,2025-11-22 12:00:00,West,Air,Standard,262.36,698.6,3.75,568.16,294.62,862.77,329.58,1,0
S0653,2025-11-23 00:00:00,East,Road,Standard,776.89,125.8,6.6,83.09,587.64,670.74,56.68,1,2
S0654,2025-11-23 12:00:00,North,Rail,Express,248.0,1342.9,24.59,183.17,225.92,409.08,106.98,0,0
S0655,2025-11-24 00:00:00,West,Rail,Standard,342.73,1234.5,21.83,232.7,283.14,515.85,177.69,1,0
S0656,2025-11-24 12:00:00,South,Air,Standard,328.84,706.1,1.3,719.82,295.41,1015.24,528.01,1,0
S0657,2025-11-25 00:00:00,West,Road,Standard,361.0,448.0,10.28,137.46,383.51,520.98,83.0,1,0
S0658,2025-11-25 12:00:00,South,Road,Standard,748.98,540.7,15.57,344.2,608.16,952.36,212.89,1,0
S0659,2025-11-26 00:00:00,East,Road,Standard,436.04,219.8,7.61,81.47,395.55,477.02,51.96,1,0
S0660,2025-11-26 12:00:00,South,Road,Standard,261.12,1093.8,29.88,242.77,278.51,521.28,156.16,0,2
S0661,2025-11-27 00:00:00,South,Road,Standard,637.3,852.7,22.85,461.94,530.61,992.55,340.9,1,0
S0662,2025-11-27 12:00:00,West,Air,Standard,472.05,381.8,0.8,558.7,368.12,926.82,379.83,1,0
S0663,2025-11-28 00:00:00,North,Air,Standard,263.65,949.6,3.17,776.11,247.41,1023.53,503.25,1,0
S0664,2025-11-28 12:00:00,North,Road,Express,590.81,1469.7,39.08,738.05,439.14,1177.19,528.06,0,2
S0665,2025-11-29 00:00:00,South,Rail,Standard,162.83,218.7,5.96,19.59,165.51,185.1,12.83,1,0
S0666,2025-11-29 12:00:00,East,Air,Standard,186.06,709.4,4.87,409.16,214.46,623.61,237.1,1,2
S0667,2025-11-30 00:00:00,West,Air,Standard,135.82,761.5,2.02,320.62,144.42,465.04,184.27,1,0
S0668,2025-11-30 12:00:00,West,Road,Standard,105.31,283.5,8.6,25.38,224.05,249.42,15.86,1,0
S0669,2025-12-01 00:00:00,South,Road,Standard,570.72,816.1,21.66,395.91,458.36,854.27,272.64,1,1
S0670,2025-12-01 12:00:00,South,Rail,Standard,363.19,924.7,17.49,184.72,384.08,568.8,107.32,1,0
S0671,2025-12-02 00:00:00,North,Road,Standard,142.54,269.7,6.82,32.68,125.08,157.76,22.11,1,0
S0672,2025-12-02 12:00:00,East,Road,Express,324.69,265.9,10.07,73.38,384.15,457.54,44.91,1,3
S0673,2025-12-03 00:00:00,West,Air,Express,502.82,1290.3,2.88,2011.19,325.79,2336.97,1427.83,1,0
S0674,2025-12-03 12:00:00,East,Air,Standard,226.37,494.6,2.55,347.11,190.58,537.69,193.17,1,0
S0675,2025-12-04 00:00:00,East,Air,Express,282.24,960.3,3.16,840.18,247.29,1087.48,552.74,1,1
S0676,2025-12-04 12:00:00,South,Rail,Express,794.71,955.1,20.54,417.46,615.94,1033.4,234.62,1,2
S0677,2025-12-05 00:00:00,West,Road,Standard,295.01,1265.2,35.35,317.26,292.41,609.66,198.61,0,3
S0678,2025-12-05 12:00:00,South,Road,Standard,148.78,1120.2,29.16,141.67,190.86,332.53,78.43,0,1
S0679,2025-12-06 00:00:00,North,Road,Standard,253.25,1267.2,31.44,272.78,223.62,496.4,179.46,0,0
S0680,2025-12-06 12:00:00,South,Road,Standard,137.39,952.8,28.78,111.27,133.65,244.92,80.83,0,2
S0681,2025-12-07 00:00:00,North,Road,Standard,453.18,696.2,18.3,268.18,420.22,688.4,153.68,1,0
S0682,2025-12-07 12:00:00,North,Rail,Standard,210.38,614.6,12.09,71.12,271.65,342.77,51.14,1,0
S0683,2025-12-08 00:00:00,North,Road,Standard,207.0,593.4,15.72,104.4,294.71,399.11,71.45,1,0
S0684,2025-12-08 12:00:00,South,Rail,Express,829.98,650.9,14.18,297.11,594.35,891.46,197.89,1,1
S0685,2025-12-09 00:00:00,East,Road,Express,175.58,228.8,4.44,34.15,97.68,131.82,23.49,1,0
S0686,2025-12-09 12:00:00,South,Road,Standard,159.36,659.0,19.12,89.26,151.64,240.9,55.99,1,1
S0687,2025-12-10 00:00:00,South,Road,Standard,191.07,608.6,15.37,98.84,246.01,344.85,70.51,1,0
S0688,2025-12-10 12:00:00,West,Road,Standard,510.4,90.5,3.15,39.25,384.08,423.33,28.63,1,0
S0689,2025-12-11 00:00:00,West,Air,Standard,424.78,441.7,1.44,581.62,328.48,910.1,424.0,1,0
S0690,2025-12-11 12:00:00,East,Road,Express,251.6,1137.8,27.01,243.33,208.74,452.06,148.91,0,0
S0691,2025-12-12 00:00:00,South,Road,Express,240.18,883.8,22.56,180.43,294.74,475.17,126.37,1,0
S0692,2025-12-12 12:00:00,West,Rail,Express,409.16,1217.0,23.78,273.87,365.57,639.44,159.96,0,0
S0693,2025-12-13 00:00:00,North,Road,Express,369.93,832.3,20.17,261.71,346.01,607.73,173.76,1,0
S0694,2025-12-13 12:00:00,South,Road,Express,304.52,1287.0,31.05,333.12,258.98,592.1,183.42,0,0
S0695,2025-12-14 00:00:00,West,Road,Standard,431.86,1202.3,29.64,441.33,365.46,806.79,262.38,0,0
S0696,2025-12-14 12:00:00,East,Road,Standard,184.5,183.5,4.03,28.78,161.27,190.05,20.01,1,0
S0697,2025-12-15 00:00:00,East,Rail,Standard,212.21,1466.4,27.92,171.15,230.87,402.03,128.55,0,0
S0698,2025-12-15 12:00:00,East,Road,Standard,442.79,61.5,3.52,23.16,249.78,272.94,13.0,1,0
S0699,2025-12-16 00:00:00,East,Road,Standard,384.57,911.4,22.98,297.91,260.95,558.86,202.12,1,0
S0700,2025-12-16 12:00:00,South,Road,Standard,100.76,1197.1,31.3,102.52,160.91,263.44,71.4,0,0
S0701,2025-12-17 00:00:00,North,Road,Express,335.88,524.6,12.74,149.76,411.61,561.38,114.49,1,0
S0702,2025-12-17 12:00:00,South,Road,Standard,815.54,913.9,22.21,633.53,487.51,1121.04,443.9,1,0
S0703,2025-12-18 00:00:00,North,Rail,Express,477.7,568.7,11.72,149.42,326.78,476.19,85.72,1,0
S0704,2025-12-18 12:00:00,West,Road,Express,255.4,128.5,2.52,27.9,270.23,298.12,16.28,1,0
S0705,2025-12-19 00:00:00,South,Road,Standard,221.73,52.4,3.67,9.87,321.57,331.44,6.87,1,0
S0706,2025-12-19 12:00:00,East,Road,Standard,393.44,178.5,3.35,59.69,345.49,405.19,35.79,1,0
S0707,2025-12-20 00:00:00,West,Road,Standard,569.87,183.7,5.18,88.97,465.02,553.99,67.93,1,0
S0708,2025-12-20 12:00:00,West,Road,Standard,126.45,931.9,24.54,100.16,174.35,274.51,76.3,0,2
S0709,2025-12-21 00:00:00,South,Rail,Standard,379.71,807.8,16.53,168.7,305.86,474.56,129.59,1,0
S0710,2025-12-21 12:00:00,South,Air,Express,279.9,705.0,2.81,611.7,277.64,889.35,377.65,1,0
S0711,2025-12-22 00:00:00,West,Road,Standard,363.13,1050.2,28.66,324.16,290.1,614.25,231.74,0,2
S0712,2025-12-22 12:00:00,East,Road,Standard,153.41,64.6,3.02,8.42,236.97,245.39,5.91,1,0
S0713,2025-12-23 00:00:00,West,Air,Standard,569.67,435.6,1.88,769.32,361.04,1130.36,429.43,1,0
S0714,2025-12-23 12:00:00,West,Road,Standard,644.0,1175.0,31.06,643.19,514.25,1157.44,393.04,0,1
S0715,2025-12-24 00:00:00,West,Road,Standard,456.7,1368.6,34.11,531.27,372.96,904.23,317.47,0,0
S0716,2025-12-24 12:00:00,North,Road,Standard,706.95,680.0,17.05,408.6,499.16,907.76,259.58,1,1
S0717,2025-12-25 00:00:00,East,Rail,Standard,272.99,159.0,5.55,23.87,196.21,220.08,18.36,1,0
S0718,2025-12-25 12:00:00,North,Rail,Standard,375.36,1206.1,22.44,249.0,282.36,531.36,185.38,1,0
S0719,2025-12-26 00:00:00,East,Road,Standard,459.98,1332.3,32.21,520.93,426.93,947.86,321.67,0,0
S0720,2025-12-26 12:00:00,West,Air,Standard,395.96,643.9,2.19,790.43,328.39,1118.82,531.1,1,0
S0721,2025-12-27 00:00:00,South,Road,Standard,290.58,395.3,12.81,97.64,292.35,389.98,58.02,1,2
S0722,2025-12-27 12:00:00,South,Road,Standard,306.15,104.2,4.25,27.12,248.81,275.92,16.64,1,0
S0723,2025-12-28 00:00:00,North,Road,Standard,615.83,903.0,24.37,472.67,457.4,930.06,267.03,0,0
S0724,2025-12-28 12:00:00,West,Road,Standard,327.57,1368.4,34.53,381.01,238.42,619.43,265.87,0,0
S0725,2025-12-29 00:00:00,North,Road,Standard,554.13,1029.7,25.74,485.01,429.27,914.28,340.04,0,0
S0726,2025-12-29 12:00:00,North,Road,Standard,319.23,503.2,13.45,136.54,312.26,448.79,101.43,1,0
S0727,2025-12-30 00:00:00,North,Road,Standard,552.53,978.6,25.0,459.61,438.32,897.93,344.92,0,1
S0728,2025-12-30 12:00:00,North,Rail,Standard,344.88,1254.8,24.3,238.02,269.02,507.05,139.67,0,0
S0729,2025-12-31 00:00:00,South,Road,Standard,441.65,734.7,21.16,275.81,347.51,623.32,198.83,1,1
S0730,2025-12-31 12:00:00,South,Road,Express,235.69,1236.8,29.55,247.78,273.8,521.58,143.95,0,0
S0731,2026-01-01 00:00:00,South,Rail,Standard,374.96,612.2,12.46,126.25,316.71,442.97,80.29,1,0
S0732,2026-01-01 12:00:00,North,Road,Express,237.44,548.8,12.48,110.77,237.66,348.43,74.05,1,0
S0733,2026-01-02 00:00:00,North,Rail,Standard,269.66,891.2,18.81,132.17,353.97,486.14,74.2,1,0
S0734,2026-01-02 12:00:00,South,Rail,Standard,280.61,718.4,14.03,110.88,231.54,342.42,64.98,1,0
S0735,2026-01-03 00:00:00,North,Rail,Standard,303.57,1466.6,27.93,244.86,335.58,580.44,149.94,0,0
S0736,2026-01-03 12:00:00,East,Road,Express,521.96,793.9,20.66,352.24,355.12,707.35,204.06,1,0
S0737,2026-01-04 00:00:00,North,Road,Express,264.51,602.4,17.96,135.43,294.95,430.38,103.58,1,1
S0738,2026-01-04 12:00:00,South,Road,Standard,356.41,616.6,18.07,186.8,347.89,534.69,115.13,1,1
S0739,2026-01-05 00:00:00,South,Road,Express,553.39,840.0,22.92,395.11,401.4,796.51,262.86,1,2
S0740,2026-01-05 12:00:00,South,Road,Standard,437.22,558.2,17.2,207.44,305.69,513.12,161.64,1,2
S0741,2026-01-06 00:00:00,North,Road,Standard,127.85,1095.4,27.18,119.04,101.65,220.69,80.99,0,0
S0742,2026-01-06 12:00:00,North,Road,Standard,151.24,595.8,14.7,76.59,175.5,252.09,49.37,1,0
S0743,2026-01-07 00:00:00,West,Road,Express,399.54,600.9,14.55,204.06,363.43,567.49,155.87,1,1
S0744,2026-01-07 12:00:00,North,Road,Standard,257.9,940.8,25.54,206.23,213.35,419.58,123.98,0,2
S0745,2026-01-08 00:00:00,South,Rail,Express,140.44,128.8,5.71,9.95,201.6,211.55,5.88,1,3
S0746,2026-01-08 12:00:00,South,Air,Standard,248.6,996.8,4.61,768.22,190.29,958.51,517.11,1,0
S0747,2026-01-09 00:00:00,South,Road,Standard,406.79,777.3,20.2,268.75,333.21,601.96,174.23,1,0
S0748,2026-01-09 12:00:00,South,Air,Standard,279.07,701.4,4.97,606.81,221.87,828.68,444.98,1,2
S0749,2026-01-10 00:00:00,West,Road,Express,339.83,1090.1,28.72,314.89,303.4,618.29,176.23,0,2
S0750,2026-01-10 12:00:00,West,Air,Standard,291.54,1147.1,4.28,1036.67,257.8,1294.47,717.46,1,0
S0751,2026-01-11 00:00:00,North,Air,Standard,231.47,1275.5,5.03,915.28,193.74,1109.02,653.01,1,1
S0752,2026-01-11 12:00:00,South,Road,Standard,371.44,587.2,15.25,185.4,294.64,480.04,143.41,1,0
S0753,2026-01-12 00:00:00,North,Rail,Standard,132.73,517.5,12.3,37.78,150.97,188.74,22.04,1,2
S0754,2026-01-12 12:00:00,South,Air,Standard,216.91,1082.9,3.25,728.19,180.17,908.37,441.75,1,0
S0755,2026-01-13 00:00:00,East,Air,Standard,476.84,889.4,3.03,1314.75,430.98,1745.74,1005.08,1,1
S0756,2026-01-13 12:00:00,North,Air,Standard,153.75,962.4,4.16,458.72,188.35,647.07,318.83,1,0
S0757,2026-01-14 00:00:00,South,Road,Standard,331.56,851.1,19.2,239.86,203.26,443.12,134.02,1,0
S0758,2026-01-14 12:00:00,West,Road,Standard,268.29,1168.1,29.19,266.39,239.51,505.9,151.25,0,0
S0759,2026-01-15 00:00:00,North,Rail,Express,255.75,317.5,5.54,44.65,301.82,346.48,32.63,1,0
S0760,2026-01-15 12:00:00,South,Road,Standard,498.7,851.3,21.55,360.88,360.02,720.9,245.58,1,0
S0761,2026-01-16 00:00:00,East,Road,Express,545.68,270.8,7.98,125.62,487.53,613.14,85.43,1,2
S0762,2026-01-16 12:00:00,North,Road,Express,190.82,634.6,14.67,102.93,186.4,289.33,77.44,1,0
S0763,2026-01-17 00:00:00,North,Road,Standard,304.79,1009.4,27.37,261.51,310.29,571.8,158.33,0,1
S0764,2026-01-17 12:00:00,North,Road,Standard,114.43,759.9,20.23,73.91,229.58,303.49,43.38,1,0
S0765,2026-01-18 00:00:00,West,Rail,Standard,485.22,594.2,12.14,158.57,407.13,565.7,109.6,1,0
S0766,2026-01-18 12:00:00,North,Road,Standard,323.16,1332.1,31.13,365.9,235.89,601.79,275.51,0,0
S0767,2026-01-19 00:00:00,North,Rail,Standard,148.3,1168.3,23.01,95.29,159.15,254.44,58.22,1,0
S0768,2026-01-19 12:00:00,North,Rail,Standard,222.25,808.4,17.08,98.81,294.89,393.7,69.83,1,0
S0769,2026-01-20 00:00:00,North,Road,Standard,182.17,1427.1,35.23,220.97,183.98,404.96,129.28,0,1
S0770,2026-01-20 12:00:00,East,Road,Standard,215.83,659.6,17.48,121.0,282.61,403.62,71.34,1,1
S0771,2026-01-21 00:00:00,North,Road,Express,120.27,1190.6,29.58,121.72,166.79,288.51,92.18,0,0
S0772,2026-01-21 12:00:00,East,Air,Standard,612.65,285.2,4.64,541.63,463.32,1004.96,312.59,1,2
S0773,2026-01-22 00:00:00,East,Rail,Standard,194.56,457.3,11.61,48.93,164.63,213.56,27.19,1,0
S0774,2026-01-22 12:00:00,West,Road,Express,331.18,533.6,12.27,150.21,274.78,424.99,109.39,1,0
S0775,2026-01-23 00:00:00,North,Road,Standard,405.0,194.5,5.53,66.96,303.36,370.32,42.41,1,0
S0776,2026-01-23 12:00:00,West,Road,Standard,546.06,772.6,18.1,358.62,430.48,789.1,229.96,1,0
S0777,2026-01-24 00:00:00,East,Road,Express,336.77,320.7,9.29,91.8,309.42,401.22,67.38,1,0
S0778,2026-01-24 12:00:00,North,Air,Standard,289.35,965.9,5.09,866.4,299.96,1166.35,512.37,1,0
S0779,2026-01-25 00:00:00,West,Rail,Standard,343.68,317.5,7.79,60.02,286.95,346.97,41.99,1,0
S0780,2026-01-25 12:00:00,West,Road,Standard,190.27,220.3,7.23,35.63,182.79,218.42,22.17,1,0
S0781,2026-01-26 00:00:00,North,Air,Express,198.23,1454.9,2.15,894.03,237.25,1131.28,513.16,1,0
S0782,2026-01-26 12:00:00,West,Road,Standard,286.03,1001.0,25.37,243.38,230.99,474.37,172.34,0,0
S0783,2026-01-27 00:00:00,South,Air,Standard,98.34,1407.2,4.67,429.02,222.62,651.63,267.4,1,0
S0784,2026-01-27 12:00:00,East,Road,Standard,233.95,755.2,20.57,150.19,243.52,393.71,112.54,1,2
S0785,2026-01-28 00:00:00,West,Road,Standard,260.14,88.8,1.99,19.63,248.4,268.03,14.94,1,0
S0786,2026-01-28 12:00:00,South,Air,Standard,758.46,878.6,3.58,2065.73,557.95,2623.68,1539.55,1,0
S0787,2026-01-29 00:00:00,West,Road,Standard,579.92,855.2,21.84,421.53,435.52,857.05,263.1,1,0
S0788,2026-01-29 12:00:00,South,Rail,Express,404.29,61.9,2.72,13.76,267.75,281.5,8.31,1,0
S0789,2026-01-30 00:00:00,West,Air,Standard,491.03,1297.4,5.91,1974.93,342.3,2317.24,1491.75,1,0
S0790,2026-01-30 12:00:00,East,Road,Standard,197.37,945.2,26.41,158.56,276.15,434.71,103.73,0,2
S0791,2026-01-31 00:00:00,North,Road,Standard,348.18,1127.2,27.87,333.61,315.27,648.89,237.79,0,0
S0792,2026-01-31 12:00:00,South,Rail,Standard,462.16,761.1,13.3,193.47,298.52,491.98,143.21,1,0
S0793,2026-02-01 00:00:00,South,Road,Standard,198.29,942.9,23.19,158.92,244.9,403.82,97.55,1,0
S0794,2026-02-01 12:00:00,North,Road,Standard,151.48,415.9,11.38,53.55,178.14,231.69,30.92,1,0
S0795,2026-02-02 00:00:00,North,Road,Standard,383.93,1461.7,37.39,477.01,291.81,768.82,330.91,0,0
S0796,2026-02-02 12:00:00,South,Rail,Standard,160.46,625.1,12.16,55.16,156.74,211.9,37.83,1,0
S0797,2026-02-03 00:00:00,North,Road,Standard,422.12,277.0,8.18,99.39,397.16,496.55,60.84,1,1
S0798,2026-02-03 12:00:00,North,Road,Standard,541.58,121.6,4.01,55.99,329.42,385.42,38.33,1,0
S0799,2026-02-04 00:00:00,East,Rail,Standard,201.54,968.8,17.95,107.39,193.16,300.54,78.58,1,0
S0800,2026-02-04 12:00:00,East,Road,Express,209.52,1475.7,36.84,262.81,240.64,503.46,165.71,0,0
S0801,2026-02-05 00:00:00,East,Rail,Express,533.97,1347.9,27.35,395.84,484.71,880.55,239.78,0,1
S0802,2026-02-05 12:00:00,South,Road,Express,337.66,1065.1,27.19,305.68,330.63,636.32,219.1,0,0
S0803,2026-02-06 00:00:00,West,Air,Express,500.13,1486.3,3.66,2304.34,357.0,2661.34,1683.9,1,0
S0804,2026-02-06 12:00:00,East,Rail,Standard,291.22,1095.3,20.52,175.44,348.99,524.44,135.0,1,1
S0805,2026-02-07 00:00:00,North,Road,Express,302.06,535.3,12.86,137.44,225.15,362.59,80.26,1,0
S0806,2026-02-07 12:00:00,North,Air,Standard,333.39,917.8,4.7,948.54,315.31,1263.84,715.7,1,2
S0807,2026-02-08 00:00:00,East,Road,Standard,683.8,156.5,5.68,90.94,518.04,608.98,66.02,1,0
S0808,2026-02-08 12:00:00,North,Road,Standard,481.55,363.7,10.02,148.85,345.2,494.06,105.9,1,0
S0809,2026-02-09 00:00:00,South,Road,Standard,230.08,649.6,18.56,127.04,277.93,404.97,79.02,1,3
S0810,2026-02-09 12:00:00,West,Rail,Standard,360.38,334.7,6.45,66.33,295.08,361.41,36.82,1,0
S0811,2026-02-10 00:00:00,North,Road,Standard,281.26,1432.1,36.43,342.38,305.97,648.35,228.28,0,0
S0812,2026-02-10 12:00:00,North,Road,Standard,255.75,1493.6,37.5,324.68,177.88,502.56,199.91,0,0
S0813,2026-02-11 00:00:00,West,Road,Express,416.47,581.6,14.26,205.88,364.13,570.01,126.95,1,0
S0814,2026-02-11 12:00:00,East,Road,Standard,376.54,1075.5,30.11,344.21,308.55,652.77,262.72,0,2
S0815,2026-02-12 00:00:00,North,Road,Standard,202.73,635.3,17.95,109.48,283.24,392.72,64.07,1,0
S0816,2026-02-12 12:00:00,West,Road,Standard,333.8,243.7,10.13,69.14,301.61,370.75,52.88,1,2
S0817,2026-02-13 00:00:00,West,Road,Standard,251.84,531.9,12.77,113.86,314.73,428.59,75.82,1,0
S0818,2026-02-13 12:00:00,East,Road,Standard,403.93,380.7,10.71,130.72,365.0,495.72,97.1,1,0
S0819,2026-02-14 00:00:00,East,Road,Standard,246.3,519.0,15.6,108.65,249.73,358.38,66.85,1,0
S0820,2026-02-14 12:00:00,South,Road,Standard,302.96,353.9,10.01,91.14,322.07,413.22,63.42,1,0
S0821,2026-02-15 00:00:00,North,Rail,Standard,259.24,204.0,6.55,29.09,298.32,327.41,19.72,1,1
S0822,2026-02-15 12:00:00,East,Road,Express,130.25,357.4,9.91,39.57,212.87,252.45,30.18,1,0
S0823,2026-02-16 00:00:00,South,Road,Express,667.44,1362.4,32.13,772.93,383.94,1156.87,456.98,0,0
S0824,2026-02-16 12:00:00,East,Road,Standard,332.02,164.4,5.67,46.4,258.39,304.8,27.7,1,0
S0825,2026-02-17 00:00:00,West,Road,Standard,678.63,514.1,14.37,296.58,555.53,852.1,227.85,1,0
S0826,2026-02-17 12:00:00,North,Road,Express,339.32,811.5,22.19,234.06,250.11,484.17,134.01,1,2
S0827,2026-02-18 00:00:00,East,Rail,Standard,452.2,557.6,10.13,138.68,408.42,547.1,96.52,1,0
S0828,2026-02-18 12:00:00,North,Road,Standard,237.74,795.7,20.3,160.79,282.55,443.34,90.68,1,0
S0829,2026-02-19 00:00:00,West,Road,Standard,240.72,103.4,4.57,21.16,219.74,240.89,12.01,1,0
S0830,2026-02-19 12:00:00,North,Road,Standard,323.08,986.9,24.7,271.02,207.91,478.93,186.29,0,0
S0831,2026-02-20 00:00:00,East,Road,Standard,675.7,862.7,26.3,495.47,466.03,961.5,335.34,0,3
S0832,2026-02-20 12:00:00,East,Road,Standard,206.33,1034.2,24.49,181.38,326.99,508.38,123.67,0,0
S0833,2026-02-21 00:00:00,South,Road,Standard,114.2,868.2,22.35,84.28,143.96,228.24,55.53,1,0
S0834,2026-02-21 12:00:00,East,Road,Standard,528.08,679.3,19.98,304.93,374.7,679.63,219.78,1,0
S0835,2026-02-22 00:00:00,East,Road,Standard,465.48,551.2,15.6,218.09,331.12,549.21,169.72,1,0
S0836,2026-02-22 12:00:00,East,Rail,Standard,266.51,370.6,11.82,54.32,321.25,375.57,33.32,1,3
S0837,2026-02-23 00:00:00,West,Air,Express,801.49,770.1,1.54,1913.41,549.89,2463.3,1194.72,1,0
S0838,2026-02-23 12:00:00,West,Road,Standard,818.4,78.0,3.91,54.29,541.95,596.24,33.89,1,0
S0839,2026-02-24 00:00:00,South,Road,Standard,125.52,519.2,14.36,55.4,252.64,308.04,40.19,1,0
S0840,2026-02-24 12:00:00,South,Rail,Standard,234.96,1029.7,23.35,133.07,275.31,408.37,83.84,1,3
S0841,2026-02-25 00:00:00,North,Road,Express,321.95,198.7,8.77,54.38,255.71,310.09,38.38,1,3
S0842,2026-02-25 12:00:00,West,Rail,Standard,398.68,131.8,3.67,28.9,284.21,313.12,18.86,1,0
S0843,2026-02-26 00:00:00,East,Rail,Express,370.44,992.2,20.28,202.15,375.86,578.01,139.44,1,0
S0844,2026-02-26 12:00:00,South,Air,Standard,331.41,620.8,2.54,637.74,303.03,940.77,472.36,1,0
S0845,2026-02-27 00:00:00,North,Air,Standard,190.67,1210.7,1.97,715.58,155.16,870.74,478.17,1,0
S0846,2026-02-27 12:00:00,West,Road,Standard,422.53,1408.5,35.25,505.86,272.15,778.01,333.51,0,0
S0847,2026-02-28 00:00:00,South,Road,Standard,433.99,1437.3,35.53,530.2,308.47,838.67,324.17,0,1
S0848,2026-02-28 12:00:00,East,Road,Express,510.4,661.4,19.69,286.92,344.94,631.87,191.85,1,2
S0849,2026-03-01 00:00:00,North,Road,Express,177.21,425.9,11.33,64.15,125.39,189.54,39.16,1,0
S0850,2026-03-01 12:00:00,West,Road,Standard,297.27,928.6,22.81,234.63,234.02,468.65,174.57,1,0
S0851,2026-03-02 00:00:00,North,Air,Express,260.11,957.2,2.2,771.81,221.7,993.52,493.53,1,0
S0852,2026-03-02 12:00:00,North,Road,Standard,175.52,948.6,23.38,141.52,195.71,337.24,82.04,1,0
S0853,2026-03-03 00:00:00,West,Road,Standard,294.97,509.8,14.0,127.82,358.41,486.23,77.35,1,0
S0854,2026-03-03 12:00:00,West,Rail,Standard,195.53,133.1,3.84,14.31,215.54,229.85,9.63,1,0
S0855,2026-03-04 00:00:00,North,Road,Standard,160.88,346.6,12.64,47.4,200.94,248.34,36.06,1,3
S0856,2026-03-04 12:00:00,South,Road,Express,468.34,265.5,6.05,105.67,400.5,506.18,65.43,1,0
S0857,2026-03-05 00:00:00,East,Air,Standard,265.81,220.9,3.7,182.02,255.52,437.53,111.18,1,1
S0858,2026-03-05 12:00:00,West,Road,Standard,229.3,1392.4,35.1,271.38,264.12,535.5,174.64,0,0
S0859,2026-03-06 00:00:00,South,Road,Standard,569.79,60.2,3.2,29.16,446.01,475.18,22.53,1,0
S0860,2026-03-06 12:00:00,South,Road,Standard,440.19,918.7,21.27,343.74,367.62,711.36,255.88,1,0
S0861,2026-03-07 00:00:00,East,Air,Standard,107.9,1423.3,6.19,476.1,303.84,779.94,278.24,1,2
S0862,2026-03-07 12:00:00,East,Road,Standard,399.93,565.7,15.23,192.3,380.96,573.26,132.91,1,0
S0863,2026-03-08 00:00:00,West,Road,Standard,399.02,809.6,19.69,274.58,290.79,565.37,201.03,1,0
S0864,2026-03-08 12:00:00,East,Road,Standard,288.97,1055.8,25.51,259.34,295.59,554.93,188.45,0,0
S0865,2026-03-09 00:00:00,North,Road,Standard,283.63,503.1,13.2,121.28,240.37,361.65,80.34,1,0
S0866,2026-03-09 12:00:00,West,Air,Standard,138.2,737.4,2.84,315.9,216.09,531.99,226.92,1,0
S0867,2026-03-10 00:00:00,West,Road,Standard,797.01,1233.0,30.81,835.29,496.47,1331.77,571.53,0,0
S0868,2026-03-10 12:00:00,West,Air,Express,294.41,1128.2,4.74,1029.69,232.08,1261.77,614.04,1,0
S0869,2026-03-11 00:00:00,North,Road,Express,389.59,1220.3,32.09,404.11,349.75,753.86,227.47,0,1
S0870,2026-03-11 12:00:00,North,Road,Standard,302.42,1481.5,36.08,380.84,331.23,712.06,241.83,0,0
S0871,2026-03-12 00:00:00,East,Air,Express,231.21,580.7,1.86,416.2,269.78,685.98,234.84,1,0
S0872,2026-03-12 12:00:00,North,Road,Standard,485.56,1130.8,28.17,466.69,425.5,892.19,299.08,0,0
S0873,2026-03-13 00:00:00,West,Road,Standard,355.11,920.1,24.1,277.71,332.13,609.84,205.69,0,0
S0874,2026-03-13 12:00:00,South,Air,Standard,295.63,1013.2,5.68,928.59,290.36,1218.95,691.04,1,2
S0875,2026-03-14 00:00:00,East,Road,Standard,387.59,1120.2,28.02,369.06,310.51,679.57,205.87,0,0
S0876,2026-03-14 12:00:00,West,Road,Express,316.13,1134.6,27.13,304.89,330.46,635.34,172.56,0,0
S0877,2026-03-15 00:00:00,South,Air,Standard,700.93,1333.2,7.5,2896.88,551.63,3448.51,2039.6,1,2
S0878,2026-03-15 12:00:00,South,Road,Standard,477.73,550.0,15.04,223.34,379.91,603.25,148.52,1,0
S0879,2026-03-16 00:00:00,East,Road,Standard,417.87,994.1,23.8,353.09,344.57,697.66,206.33,0,0
S0880,2026-03-16 12:00:00,East,Road,Standard,146.84,449.2,12.06,56.07,272.38,328.45,41.23,1,0
S0881,2026-03-17 00:00:00,South,Road,Standard,424.82,908.1,21.94,327.9,352.73,680.63,196.67,1,0
S0882,2026-03-17 12:00:00,East,Road,Standard,419.79,1136.7,29.52,405.6,354.29,759.89,230.37,0,0
S0883,2026-03-18 00:00:00,West,Rail,Standard,197.3,1194.9,23.65,129.66,250.31,379.97,93.67,0,0
S0884,2026-03-18 12:00:00,South,Road,Standard,145.09,653.4,15.07,80.58,195.4,275.98,55.59,1,0
S0885,2026-03-19 00:00:00,North,Rail,Standard,468.43,782.7,15.55,201.66,340.72,542.38,129.21,1,0
S0886,2026-03-19 12:00:00,South,Road,Standard,496.34,527.4,15.6,222.51,409.99,632.51,157.83,1,2
S0887,2026-03-20 00:00:00,South,Road,Standard,241.34,286.8,8.93,58.83,250.99,309.83,44.69,1,0
S0888,2026-03-20 12:00:00,North,Road,Standard,235.97,420.4,11.03,84.31,332.68,416.99,47.03,1,0
S0889,2026-03-21 00:00:00,North,Rail,Standard,352.17,1371.7,25.03,265.69,349.17,614.87,184.49,0,0
S0890,2026-03-21 12:00:00,East,Road,Standard,265.38,491.1,10.98,110.78,239.16,349.94,66.49,1,0
S0891,2026-03-22 00:00:00,South,Road,Standard,143.44,1463.1,36.85,178.39,231.7,410.09,117.57,0,0
S0892,2026-03-22 12:00:00,West,Air,Standard,196.17,392.6,2.33,238.73,241.75,480.47,154.58,1,0
S0893,2026-03-23 00:00:00,North,Road,Standard,382.81,1095.7,27.97,356.52,389.47,745.99,228.06,0,2
S0894,2026-03-23 12:00:00,North,Road,Standard,201.78,877.9,22.83,150.57,207.38,357.95,89.41,1,1
S0895,2026-03-24 00:00:00,West,Air,Standard,508.26,1057.4,5.66,1666.09,408.03,2074.13,1223.93,1,1
S0896,2026-03-24 12:00:00,West,Road,Express,416.56,980.2,23.58,347.06,344.65,691.71,221.18,1,0
S0897,2026-03-25 00:00:00,South,Road,Express,390.15,1071.9,26.27,355.46,337.22,692.67,268.03,0,0
S0898,2026-03-25 12:00:00,North,Road,Standard,348.64,1362.1,34.66,403.65,271.92,675.56,254.93,0,0
S0899,2026-03-26 00:00:00,North,Road,Standard,226.03,862.7,22.11,165.74,270.23,435.97,123.17,1,0
S0900,2026-03-26 12:00:00,East,Road,Standard,443.78,139.1,5.42,52.45,382.89,435.34,35.42,1,0
S0901,2026-03-27 00:00:00,South,Rail,Express,222.83,435.4,8.52,53.36,300.39,353.75,34.08,1,0
S0902,2026-03-27 12:00:00,North,Road,Standard,521.78,1074.0,25.96,476.34,406.53,882.86,339.12,0,0
S0903,2026-03-28 00:00:00,North,Rail,Standard,648.26,761.3,13.87,271.45,458.01,729.46,198.41,1,0
S0904,2026-03-28 12:00:00,South,Air,Express,354.1,840.9,3.79,923.04,350.27,1273.31,610.14,1,0
S0905,2026-03-29 00:00:00,West,Road,Standard,607.32,911.0,23.36,470.29,418.29,888.58,304.67,1,0
S0906,2026-03-29 12:00:00,East,Rail,Standard,197.55,598.6,13.44,65.04,277.48,342.52,44.41,1,0
S0907,2026-03-30 00:00:00,South,Rail,Standard,418.79,1169.9,21.89,269.46,399.06,668.52,184.47,1,0
S0908,2026-03-30 12:00:00,North,Air,Standard,327.38,1096.4,4.42,1112.69,356.64,1469.33,720.87,1,0
S0909,2026-03-31 00:00:00,North,Road,Standard,472.25,1082.9,27.63,434.68,396.69,831.37,314.82,0,0
S0910,2026-03-31 12:00:00,South,Road,Standard,111.14,1084.4,28.05,102.44,159.24,261.68,65.76,0,1
S0911,2026-04-01 00:00:00,West,Road,Express,458.96,1339.9,31.42,522.73,377.34,900.07,341.96,0,0
S0912,2026-04-01 12:00:00,West,Road,Express,236.76,909.3,23.62,182.99,267.32,450.31,126.12,0,0
S0913,2026-04-02 00:00:00,West,Road,Standard,335.21,1451.9,36.42,413.7,279.16,692.86,321.43,0,0
S0914,2026-04-02 12:00:00,West,Road,Standard,790.38,214.0,5.95,143.78,614.7,758.48,87.7,1,0
S0915,2026-04-03 00:00:00,West,Road,Standard,425.47,962.7,26.49,348.14,380.11,728.25,210.05,0,1
S0916,2026-04-03 12:00:00,West,Air,Standard,399.11,1086.7,4.09,1344.53,299.36,1643.89,794.19,1,0
S0917,2026-04-04 00:00:00,North,Road,Standard,383.76,736.7,21.07,240.33,415.8,656.13,170.29,1,3
S0918,2026-04-04 12:00:00,North,Road,Standard,547.75,460.8,13.87,214.53,425.64,640.18,140.15,1,1
S0919,2026-04-05 00:00:00,South,Road,Standard,479.95,843.1,22.13,343.93,334.74,678.67,219.9,1,0
S0920,2026-04-05 12:00:00,East,Road,Standard,385.79,572.5,15.2,187.75,294.83,482.57,112.07,1,0
S0921,2026-04-06 00:00:00,North,Road,Standard,363.29,1367.3,31.91,422.23,386.76,808.99,318.76,0,0
S0922,2026-04-06 12:00:00,West,Road,Standard,351.82,560.9,14.95,167.74,395.63,563.37,109.35,1,0
S0923,2026-04-07 00:00:00,East,Road,Standard,318.76,296.5,7.96,80.34,340.75,421.09,55.42,1,0
S0924,2026-04-07 12:00:00,East,Road,Express,175.7,881.5,23.25,131.65,276.0,407.65,75.81,1,0
S0925,2026-04-08 00:00:00,North,Road,Standard,421.15,618.1,15.02,221.28,406.38,627.66,127.2,1,0
S0926,2026-04-08 12:00:00,North,Road,Express,248.48,180.0,5.42,38.02,281.73,319.75,21.5,1,0
S0927,2026-04-09 00:00:00,North,Road,Standard,300.3,864.7,20.91,220.71,299.97,520.69,140.04,1,0
S0928,2026-04-09 12:00:00,West,Road,Express,495.38,825.3,20.01,347.49,416.75,764.25,228.92,1,0
S0929,2026-04-10 00:00:00,East,Road,Standard,322.39,292.9,11.68,80.26,330.44,410.69,48.65,1,3
S0930,2026-04-10 12:00:00,East,Road,Standard,310.39,912.6,25.13,240.76,257.34,498.1,151.78,0,0
S0931,2026-04-11 00:00:00,South,Road,Express,354.61,868.3,22.09,261.73,347.97,609.71,144.33,1,0
S0932,2026-04-11 12:00:00,South,Rail,Standard,281.86,1169.5,24.88,181.3,340.66,521.96,114.35,0,2
S0933,2026-04-12 00:00:00,South,Air,Standard,782.12,567.9,0.8,1376.9,540.88,1917.79,795.04,1,0
S0934,2026-04-12 12:00:00,West,Air,Standard,730.16,403.2,1.26,912.61,507.49,1420.1,528.88,1,0
S0935,2026-04-13 00:00:00,West,Road,Standard,720.96,1428.8,36.02,875.58,537.97,1413.55,482.47,0,0
S0936,2026-04-13 12:00:00,North,Road,Standard,384.37,859.4,21.52,280.77,302.17,582.94,199.4,1,0
S0937,2026-04-14 00:00:00,West,Road,Standard,240.73,79.6,3.49,16.29,193.14,209.44,12.45,1,1
S0938,2026-04-14 12:00:00,North,Rail,Express,501.73,1238.2,22.49,341.69,447.6,789.29,236.78,1,0
S0939,2026-04-15 00:00:00,West,Rail,Standard,282.92,327.3,6.56,50.92,255.31,306.24,29.14,1,0
S0940,2026-04-15 12:00:00,North,Rail,Standard,522.72,1187.6,23.45,341.43,408.33,749.76,265.51,1,0
S0941,2026-04-16 00:00:00,North,Air,Standard,235.2,1069.5,4.12,779.83,221.91,1001.73,603.89,1,0
S0942,2026-04-16 12:00:00,West,Road,Express,397.58,1454.5,33.74,491.53,396.12,887.65,323.27,0,0
S0943,2026-04-17 00:00:00,North,Rail,Standard,557.88,1449.7,26.94,444.83,465.22,910.05,255.69,0,0
S0944,2026-04-17 12:00:00,South,Rail,Standard,290.63,440.6,8.71,70.43,269.01,339.45,50.42,1,0
S0945,2026-04-18 00:00:00,South,Road,Standard,290.12,1159.0,30.05,285.82,226.47,512.29,220.4,0,0
S0946,2026-04-18 12:00:00,North,Air,Standard,152.73,502.6,1.38,237.96,188.39,426.35,173.5,1,0
S0947,2026-04-19 00:00:00,East,Road,Express,238.78,958.6,26.9,194.57,276.99,471.56,134.95,0,2
S0948,2026-04-19 12:00:00,West,Air,Standard,380.81,912.7,4.11,1077.46,337.93,1415.39,743.98,1,0
S0949,2026-04-20 00:00:00,West,Rail,Express,408.43,119.6,3.48,26.87,349.54,376.42,20.83,1,0
S0950,2026-04-20 12:00:00,South,Road,Standard,436.89,47.6,3.23,17.66,369.82,387.48,10.01,1,0
S0951,2026-04-21 00:00:00,East,Rail,Standard,123.77,124.3,3.58,8.46,222.22,230.68,4.95,1,1
S0952,2026-04-21 12:00:00,North,Road,Standard,283.58,226.8,7.41,54.67,274.08,328.75,40.51,1,0
S0953,2026-04-22 00:00:00,North,Rail,Standard,162.08,416.2,10.12,37.1,229.39,266.49,21.64,1,1
S0954,2026-04-22 12:00:00,North,Rail,Standard,371.73,1364.2,25.22,278.9,280.04,558.94,177.98,0,0
S0955,2026-04-23 00:00:00,West,Road,Standard,138.3,797.2,21.26,93.71,310.99,404.7,57.61,1,2
S0956,2026-04-23 12:00:00,West,Air,Standard,186.3,1203.5,8.09,695.03,209.69,904.72,421.18,1,2
S0957,2026-04-24 00:00:00,West,Road,Standard,476.06,1263.9,32.37,511.45,390.99,902.44,284.32,0,0
S0958,2026-04-24 12:00:00,South,Road,Standard,252.44,1113.0,28.26,238.83,284.33,523.16,162.46,0,0
S0959,2026-04-25 00:00:00,South,Road,Standard,609.79,611.4,15.98,316.91,436.9,753.81,203.55,1,0
S0960,2026-04-25 12:00:00,East,Road,Standard,442.34,1301.2,33.74,489.24,363.64,852.88,331.15,0,0
S0961,2026-04-26 00:00:00,East,Road,Standard,291.42,1123.4,27.43,278.28,280.09,558.36,172.54,0,0
S0962,2026-04-26 12:00:00,South,Road,Standard,511.72,1125.0,27.29,489.33,360.31,849.64,375.09,0,0
S0963,2026-04-27 00:00:00,North,Road,Standard,303.53,1356.3,36.6,349.93,306.68,656.6,240.05,0,3
S0964,2026-04-27 12:00:00,North,Road,Standard,463.24,914.0,24.78,359.91,300.57,660.48,277.52,0,0
S0965,2026-04-28 00:00:00,West,Air,Standard,232.99,811.7,4.46,586.29,327.02,913.31,369.65,1,0
S0966,2026-04-28 12:00:00,South,Road,Standard,525.84,1339.6,33.4,598.77,444.9,1043.67,329.64,0,0
S0967,2026-04-29 00:00:00,West,Air,Standard,145.06,703.5,2.51,316.36,228.54,544.91,230.85,1,0
S0968,2026-04-29 12:00:00,North,Road,Standard,186.16,1224.9,29.23,193.82,144.24,338.06,143.49,0,0
S0969,2026-04-30 00:00:00,East,Road,Standard,202.51,118.6,3.47,20.42,195.71,216.13,11.51,1,0
S0970,2026-04-30 12:00:00,North,Road,Standard,245.26,41.9,2.97,8.73,317.41,326.14,6.06,1,0
S0971,2026-05-01 00:00:00,North,Road,Express,387.29,811.3,22.97,267.08,519.81,786.89,187.5,1,2
S0972,2026-05-01 12:00:00,North,Road,Standard,330.73,147.5,5.29,41.46,355.66,397.12,24.19,1,0
S0973,2026-05-02 00:00:00,North,Road,Express,465.76,1465.8,38.12,580.29,422.83,1003.12,392.9,0,3
S0974,2026-05-02 12:00:00,West,Road,Standard,561.57,48.0,2.43,22.93,452.49,475.42,13.89,1,0
S0975,2026-05-03 00:00:00,South,Road,Standard,136.85,1088.5,27.77,126.62,157.13,283.75,70.12,0,0
S0976,2026-05-03 12:00:00,East,Road,Standard,593.76,395.3,12.03,199.53,491.35,690.88,149.52,1,0
S0977,2026-05-04 00:00:00,South,Road,Standard,300.28,1452.6,35.71,370.77,235.6,606.37,245.85,0,0
S0978,2026-05-04 12:00:00,South,Rail,Express,714.24,597.1,12.71,234.54,458.35,692.89,171.16,1,1
S0979,2026-05-05 00:00:00,East,Road,Standard,227.88,79.8,4.12,15.46,188.03,203.49,11.08,1,0
S0980,2026-05-05 12:00:00,North,Air,Express,116.67,79.3,0.97,28.69,228.07,256.76,22.34,1,0
S0981,2026-05-06 00:00:00,West,Rail,Standard,444.7,847.9,19.5,207.39,362.0,569.39,134.95,1,1
S0982,2026-05-06 12:00:00,West,Air,Express,431.62,1480.6,1.43,1981.07,361.93,2343.0,1284.4,1,0
S0983,2026-05-07 00:00:00,East,Rail,Express,188.67,1470.5,25.56,152.59,223.08,375.67,93.81,0,0
S0984,2026-05-07 12:00:00,South,Road,Standard,198.36,532.4,14.01,89.77,178.44,268.21,62.28,1,0
S0985,2026-05-08 00:00:00,North,Road,Standard,482.29,744.7,19.32,305.3,355.07,660.38,202.05,1,2
S0986,2026-05-08 12:00:00,West,Road,Standard,396.18,186.7,5.75,62.86,309.98,372.84,45.11,1,0
S0987,2026-05-09 00:00:00,South,Rail,Standard,285.76,802.4,16.31,126.11,213.93,340.04,79.7,1,0
S0988,2026-05-09 12:00:00,North,Road,Express,415.29,915.6,22.75,323.19,325.72,648.92,187.48,1,0
S0989,2026-05-10 00:00:00,South,Road,Standard,377.57,406.6,11.06,130.47,279.0,409.48,97.64,1,0
S0990,2026-05-10 12:00:00,West,Air,Standard,209.07,933.7,6.51,605.13,260.98,866.11,448.07,1,2
S0991,2026-05-11 00:00:00,East,Road,Standard,499.41,1353.6,34.6,574.58,424.42,999.0,362.4,0,0
S0992,2026-05-11 12:00:00,West,Road,Standard,454.06,41.4,1.95,15.98,311.52,327.49,11.32,1,0
S0993,2026-05-12 00:00:00,West,Rail,Express,334.36,374.2,6.96,68.82,290.55,359.37,45.65,1,0
S0994,2026-05-12 12:00:00,North,Road,Standard,482.44,346.5,12.42,142.08,468.86,610.94,103.01,1,2
S0995,2026-05-13 00:00:00,West,Road,Standard,757.01,220.9,7.51,142.12,492.22,634.35,90.92,1,0
S0996,2026-05-13 12:00:00,South,Rail,Express,197.17,282.5,7.33,30.64,247.64,278.28,20.62,1,1
S0997,2026-05-14 00:00:00,East,Road,Standard,292.05,953.8,22.91,236.78,285.38,522.16,133.38,1,0
S0998,2026-05-14 12:00:00,North,Road,Standard,299.11,189.9,6.06,48.29,333.69,381.98,28.5,1,2
S0999,2026-05-15 00:00:00,West,Road,Standard,477.43,1118.3,28.32,453.81,395.88,849.69,331.19,0,0
S1000,2026-05-15 12:00:00,South,Rail,Standard,243.76,1335.1,23.84,178.99,234.66,413.65,114.15,0,0
S1001,2026-05-16 00:00:00,North,Road,Standard,464.83,1392.8,35.29,550.31,378.66,928.97,307.11,0,0
S1002,2026-05-16 12:00:00,South,Air,Express,258.11,1003.9,3.32,803.23,265.62,1068.85,472.75,1,0
S1003,2026-05-17 00:00:00,North,Air,Standard,185.72,328.2,4.53,188.95,218.02,406.97,121.81,1,2
S1004,2026-05-17 12:00:00,North,Road,Express,343.89,164.5,7.18,48.09,249.78,297.88,34.39,1,3
S1005,2026-05-18 00:00:00,East,Road,Express,255.34,378.8,10.1,82.21,316.38,398.58,52.09,1,0
S1006,2026-05-18 12:00:00,South,Road,Express,360.36,1444.5,36.66,442.44,366.19,808.63,319.17,0,2
S1007,2026-05-19 00:00:00,West,Rail,Standard,401.85,1445.0,26.38,319.38,294.03,613.41,238.69,0,0
S1008,2026-05-19 12:00:00,South,Road,Standard,142.11,597.6,15.11,72.19,184.63,256.81,45.37,1,0
S1009,2026-05-20 00:00:00,East,Road,Standard,269.96,515.7,13.83,118.33,258.35,376.68,86.86,1,0
S1010,2026-05-20 12:00:00,South,Road,Standard,344.03,784.6,20.02,229.44,257.17,486.62,132.89,1,0
S1011,2026-05-21 00:00:00,East,Air,Standard,483.41,465.9,2.95,698.13,301.87,1000.0,450.66,1,0
S1012,2026-05-21 12:00:00,East,Road,Standard,455.64,1470.3,38.22,569.44,340.42,909.86,325.97,0,0
S1013,2026-05-22 00:00:00,South,Air,Standard,218.02,363.0,1.58,245.32,223.87,469.2,137.89,1,0
S1014,2026-05-22 12:00:00,West,Road,Standard,306.29,578.9,16.66,150.72,223.6,374.33,85.14,1,0
S1015,2026-05-23 00:00:00,South,Air,Standard,411.78,666.9,3.57,851.29,354.44,1205.74,488.72,1,1
S1016,2026-05-23 12:00:00,North,Road,Standard,296.06,222.6,5.31,56.02,335.16,391.18,41.58,1,0
S1017,2026-05-24 00:00:00,East,Road,Standard,228.67,598.9,14.33,116.41,283.66,400.07,78.58,1,0
S1018,2026-05-24 12:00:00,West,Air,Express,324.65,1290.8,1.99,1299.1,292.86,1591.95,997.58,1,0
S1019,2026-05-25 00:00:00,North,Air,Standard,393.48,244.9,0.8,298.76,253.6,552.36,201.29,1,0
S1020,2026-05-25 12:00:00,South,Road,Express,207.59,892.7,21.38,157.52,266.38,423.9,109.41,1,0
S1021,2026-05-26 00:00:00,West,Road,Express,432.92,633.7,16.46,233.19,364.69,597.88,138.15,1,0
S1022,2026-05-26 12:00:00,East,Road,Standard,353.75,289.0,9.61,86.89,333.66,420.55,58.59,1,0
S1023,2026-05-27 00:00:00,West,Road,Standard,440.35,58.0,3.11,21.71,449.32,471.03,13.87,1,0
S1024,2026-05-27 12:00:00,East,Road,Standard,321.18,439.1,10.98,119.87,259.53,379.4,91.61,1,1
S1025,2026-05-28 00:00:00,East,Air,Standard,702.24,130.3,1.88,283.59,376.87,660.46,216.89,1,2
S1026,2026-05-28 12:00:00,South,Road,Standard,389.89,590.1,15.86,195.56,287.03,482.59,116.48,1,0
S1027,2026-05-29 00:00:00,West,Rail,Standard,463.87,1222.9,25.67,312.0,397.0,709.0,216.1,0,2
S1028,2026-05-29 12:00:00,South,Road,Express,432.09,1090.7,27.85,400.6,358.86,759.47,279.13,0,2
S1029,2026-05-30 00:00:00,East,Road,Express,304.36,1423.2,34.27,368.18,232.69,600.88,250.14,0,0
S1030,2026-05-30 12:00:00,South,Rail,Express,373.49,663.4,13.46,136.29,261.53,397.82,78.85,1,0
S1031,2026-05-31 00:00:00,East,Road,Standard,246.58,1073.4,27.12,224.98,239.66,464.64,157.58,0,0
S1032,2026-05-31 12:00:00,East,Rail,Standard,677.97,1011.4,20.15,377.13,436.81,813.94,276.74,1,0
S1033,2026-06-01 00:00:00,South,Road,Express,410.31,356.9,7.66,124.47,369.1,493.57,78.34,1,0
S1034,2026-06-01 12:00:00,West,Air,Standard,222.0,483.2,4.53,332.56,223.58,556.14,222.26,1,3
S1035,2026-06-02 00:00:00,South,Rail,Standard,604.88,813.6,15.09,270.65,424.46,695.12,156.1,1,0
S1036,2026-06-02 12:00:00,East,Air,Standard,311.86,1203.1,3.32,1163.15,257.4,1420.56,888.72,1,0
S1037,2026-06-03 00:00:00,South,Road,Standard,494.63,714.2,19.04,300.29,403.89,704.18,172.73,1,0
S1038,2026-06-03 12:00:00,South,Road,Standard,140.14,372.5,11.11,44.37,198.99,243.37,26.53,1,0
S1039,2026-06-04 00:00:00,South,Road,Standard,552.93,1490.5,37.65,700.5,433.2,1133.7,433.36,0,0
S1040,2026-06-04 12:00:00,North,Road,Standard,402.39,208.7,8.81,71.4,349.42,420.82,52.83,1,2
S1041,2026-06-05 00:00:00,North,Road,Standard,213.28,1435.6,37.13,260.26,234.05,494.31,185.08,0,0
S1042,2026-06-05 12:00:00,East,Road,Standard,399.09,1221.2,31.87,414.26,293.01,707.27,228.51,0,0
S1043,2026-06-06 00:00:00,East,Road,Standard,645.66,1264.8,30.8,694.12,442.24,1136.37,411.07,0,0
S1044,2026-06-06 12:00:00,East,Road,Standard,250.17,1200.6,31.92,255.3,239.84,495.14,184.46,0,0
S1045,2026-06-07 00:00:00,North,Road,Express,248.54,343.9,9.57,72.66,349.63,422.29,46.71,1,0
S1046,2026-06-07 12:00:00,South,Road,Standard,302.15,963.6,26.97,247.47,225.48,472.96,137.6,0,0
S1047,2026-06-08 00:00:00,North,Road,Standard,342.49,1144.9,28.36,333.29,289.52,622.81,257.2,0,0
S1048,2026-06-08 12:00:00,West,Rail,Express,509.89,1128.7,22.09,316.53,404.86,721.4,185.1,1,0
S1049,2026-06-09 00:00:00,West,Road,Standard,412.91,436.5,14.05,153.2,333.45,486.65,102.24,1,2
S1050,2026-06-09 12:00:00,North,Road,Express,302.02,304.4,8.87,78.15,334.44,412.6,47.45,1,0
S1051,2026-06-10 00:00:00,East,Road,Standard,381.08,519.1,14.44,168.13,315.71,483.85,120.99,1,0
S1052,2026-06-10 12:00:00,North,Rail,Standard,695.55,740.6,14.87,283.31,492.0,775.3,206.43,1,0
S1053,2026-06-11 00:00:00,South,Road,Standard,446.43,877.7,25.7,333.07,402.2,735.26,213.62,0,2
S1054,2026-06-11 12:00:00,North,Road,Standard,317.57,1261.9,33.22,340.64,376.14,716.79,238.94,0,0
S1055,2026-06-12 00:00:00,South,Air,Express,297.79,1162.8,3.47,1073.43,347.12,1420.55,814.82,1,0
S1056,2026-06-12 12:00:00,East,Road,Express,370.53,1027.2,23.87,323.51,317.64,641.15,238.56,0,0
S1057,2026-06-13 00:00:00,West,Air,Express,506.96,424.7,0.8,667.44,396.6,1064.04,430.78,1,0
S1058,2026-06-13 12:00:00,North,Rail,Express,233.18,739.2,12.15,94.8,250.35,345.15,61.77,1,0
S1059,2026-06-14 00:00:00,East,Road,Standard,474.75,529.7,14.48,213.77,387.73,601.49,161.18,1,0
S1060,2026-06-14 12:00:00,East,Road,Express,314.54,383.0,10.44,102.4,254.87,357.26,57.13,1,0
S1061,2026-06-15 00:00:00,West,Rail,Standard,336.83,55.0,2.54,10.18,347.41,357.59,5.65,1,0
S1062,2026-06-15 12:00:00,East,Air,Express,953.13,535.6,2.41,1582.58,653.52,2236.09,945.32,1,0
S1063,2026-06-16 00:00:00,North,Road,Standard,452.43,413.9,11.8,159.18,366.82,526.0,117.85,1,0
S1064,2026-06-16 12:00:00,East,Road,Standard,259.22,875.0,22.43,192.79,205.37,398.16,112.83,1,0
S1065,2026-06-17 00:00:00,South,Road,Express,401.84,131.0,2.54,44.73,343.82,388.55,27.54,1,0
S1066,2026-06-17 12:00:00,West,Road,Express,518.85,435.0,10.46,191.83,320.17,512.0,133.26,1,0
S1067,2026-06-18 00:00:00,South,Rail,Standard,454.75,105.4,4.97,26.35,343.94,370.29,15.61,1,0
S1068,2026-06-18 12:00:00,East,Road,Standard,106.61,976.5,24.9,88.48,153.29,241.78,54.83,0,0
S1069,2026-06-19 00:00:00,North,Rail,Standard,330.26,869.6,17.42,157.95,314.56,472.51,103.83,1,0
S1070,2026-06-19 12:00:00,South,Air,Express,410.07,532.7,3.36,677.2,430.13,1107.33,407.99,1,0
S1071,2026-06-20 00:00:00,West,Rail,Standard,394.72,255.1,7.77,55.38,362.83,418.22,43.1,1,3
S1072,2026-06-20 12:00:00,East,Road,Standard,269.35,1438.6,37.19,329.35,333.32,662.67,193.53,0,1
S1073,2026-06-21 00:00:00,South,Rail,Standard,458.38,893.2,17.54,225.19,401.15,626.33,167.87,1,0
S1074,2026-06-21 12:00:00,West,Rail,Standard,554.04,1031.5,18.68,314.32,475.35,789.67,206.86,1,0
S1075,2026-06-22 00:00:00,West,Air,Standard,144.41,815.8,3.56,365.18,282.99,648.18,211.7,1,0
S1076,2026-06-22 12:00:00,South,Road,Standard,137.64,1217.5,30.15,142.45,162.77,305.22,82.23,0,0
S1077,2026-06-23 00:00:00,East,Road,Express,400.19,1348.7,33.37,458.78,304.23,763.01,305.12,0,0
S1078,2026-06-23 12:00:00,South,Road,Express,476.04,598.8,17.54,242.28,411.92,654.19,152.95,1,2
S1079,2026-06-24 00:00:00,East,Air,Express,250.69,1047.4,3.35,814.0,257.71,1071.72,491.62,1,1
S1080,2026-06-24 12:00:00,South,Rail,Standard,109.84,375.6,9.49,22.69,190.33,213.02,17.49,1,0
S1081,2026-06-25 00:00:00,North,Road,Standard,332.87,991.7,22.75,280.59,291.89,572.48,184.23,1,0
S1082,2026-06-25 12:00:00,West,Road,Standard,397.49,622.8,17.55,210.41,311.79,522.2,160.68,1,0
S1083,2026-06-26 00:00:00,West,Road,Express,290.59,49.9,1.97,12.33,352.76,365.09,7.24,1,0
S1084,2026-06-26 12:00:00,West,Rail,Standard,524.86,1435.1,25.95,414.27,359.18,773.45,245.33,0,0
S1085,2026-06-27 00:00:00,West,Road,Standard,386.27,1307.9,34.34,429.43,363.34,792.77,295.06,0,2
S1086,2026-06-27 12:00:00,East,Road,Standard,237.81,464.6,13.09,93.92,274.38,368.3,57.48,1,1
S1087,2026-06-28 00:00:00,West,Air,Standard,249.75,1496.7,5.14,1158.8,186.31,1345.11,686.63,1,0
S1088,2026-06-28 12:00:00,West,Rail,Standard,336.29,503.0,10.71,93.04,267.57,360.61,53.2,1,0
S1089,2026-06-29 00:00:00,South,Road,Standard,281.25,709.9,18.26,169.71,244.87,414.58,96.32,1,0
S1090,2026-06-29 12:00:00,South,Road,Standard,133.21,1282.8,34.65,145.25,218.67,363.92,105.05,0,1
S1091,2026-06-30 00:00:00,North,Air,Standard,370.89,484.7,2.5,557.31,307.47,864.78,342.69,1,0
S1092,2026-06-30 12:00:00,East,Rail,Standard,252.92,697.8,13.74,97.07,255.26,352.32,75.23,1,0
S1093,2026-07-01 00:00:00,South,Road,Express,273.86,1011.8,25.49,235.51,205.03,440.54,139.45,0,0
S1094,2026-07-01 12:00:00,North,Road,Standard,196.3,230.5,8.3,38.46,332.63,371.08,24.29,1,0
S1095,2026-07-02 00:00:00,East,Road,Standard,653.59,656.6,16.37,364.79,482.68,847.47,232.09,1,0
S1096,2026-07-02 12:00:00,South,Road,Express,440.03,491.7,12.07,183.92,384.47,568.39,122.31,1,0
S1097,2026-07-03 00:00:00,North,Rail,Standard,729.2,1028.1,18.16,412.32,496.73,909.05,309.34,1,0
S1098,2026-07-03 12:00:00,West,Road,Express,289.9,238.5,8.22,58.77,250.08,308.85,43.61,1,1
S1099,2026-07-04 00:00:00,West,Road,Standard,451.68,379.8,10.1,145.81,454.5,600.31,80.53,1,0
S1100,2026-07-04 12:00:00,North,Rail,Express,373.93,1078.6,19.82,221.83,239.41,461.23,142.89,1,0
S1101,2026-07-05 00:00:00,North,Air,Standard,242.32,268.1,1.87,201.38,265.81,467.2,149.11,1,0
S1102,2026-07-05 12:00:00,South,Rail,Standard,288.49,656.1,14.52,104.11,224.15,328.26,57.26,1,0
S1103,2026-07-06 00:00:00,West,Road,Standard,439.65,1080.8,29.21,403.9,343.58,747.48,271.72,0,0
S1104,2026-07-06 12:00:00,West,Road,Standard,196.16,1157.6,29.13,193.01,199.17,392.18,117.67,0,0
S1105,2026-07-07 00:00:00,North,Road,Standard,527.29,178.5,4.85,80.01,365.64,445.65,51.6,1,0
S1106,2026-07-07 12:00:00,West,Road,Standard,359.6,1283.9,33.55,392.44,319.38,711.82,253.78,0,1
S1107,2026-07-08 00:00:00,North,Road,Standard,495.19,1097.0,27.56,461.74,276.79,738.53,295.56,0,0
S1108,2026-07-08 12:00:00,South,Road,Express,398.22,535.4,13.39,181.22,324.83,506.04,136.85,1,0
S1109,2026-07-09 00:00:00,West,Road,Standard,144.98,1155.2,28.19,142.35,195.68,338.03,95.86,0,0
S1110,2026-07-09 12:00:00,North,Air,Standard,330.38,1103.3,3.74,1130.0,240.54,1370.54,856.38,1,0
S1111,2026-07-10 00:00:00,North,Air,Express,532.61,917.3,0.96,1514.55,481.03,1995.58,1086.16,1,0
S1112,2026-07-10 12:00:00,South,Road,Standard,357.12,855.4,25.59,259.65,289.66,549.32,163.78,0,2
S1113,2026-07-11 00:00:00,East,Road,Express,334.4,1112.7,27.02,316.27,293.23,609.5,209.85,0,1
S1114,2026-07-11 12:00:00,West,Road,Express,356.95,1498.9,39.05,454.79,289.68,744.47,290.91,0,1
S1115,2026-07-12 00:00:00,West,Road,Express,127.93,884.7,19.19,96.2,186.69,282.9,71.25,1,0
S1116,2026-07-12 12:00:00,North,Road,Express,558.2,1220.7,29.09,579.2,485.88,1065.08,343.55,0,0
S1117,2026-07-13 00:00:00,North,Road,Standard,95.88,1126.6,28.31,91.82,284.02,375.84,70.27,0,0
S1118,2026-07-13 12:00:00,West,Rail,Standard,612.24,1289.5,23.83,434.21,490.29,924.5,296.78,0,0
S1119,2026-07-14 00:00:00,South,Road,Standard,280.1,1433.6,35.71,341.32,323.01,664.33,235.75,0,0
S1120,2026-07-14 12:00:00,West,Air,Express,411.22,321.9,2.07,410.36,423.41,833.77,274.47,1,1
S1121,2026-07-15 00:00:00,East,Road,Standard,122.31,281.6,7.94,29.27,198.47,227.75,19.83,1,0
S1122,2026-07-15 12:00:00,North,Road,Express,473.64,896.1,22.62,360.76,451.16,811.92,253.82,1,0
S1123,2026-07-16 00:00:00,West,Road,Standard,436.62,696.0,18.14,258.29,395.8,654.09,180.97,1,2
S1124,2026-07-16 12:00:00,North,Road,Standard,424.34,873.3,21.13,314.97,359.86,674.83,188.75,1,0
S1125,2026-07-17 00:00:00,South,Road,Standard,119.47,1205.1,30.78,122.38,201.48,323.86,83.71,0,0
S1126,2026-07-17 12:00:00,East,Air,Standard,226.56,1400.3,4.37,983.5,162.65,1146.15,621.15,1,0
S1127,2026-07-18 00:00:00,South,Road,Standard,399.21,649.4,19.19,220.37,352.71,573.07,153.49,1,3
S1128,2026-07-18 12:00:00,East,Road,Standard,551.14,1088.2,27.57,509.78,353.66,863.44,344.61,0,0
S1129,2026-07-19 00:00:00,East,Road,Express,210.15,327.3,9.76,58.47,162.44,220.91,34.57,1,0
S1130,2026-07-19 12:00:00,West,Road,Standard,213.04,820.4,19.17,148.57,245.85,394.42,106.82,1,0
S1131,2026-07-20 00:00:00,West,Road,Standard,387.03,71.8,2.37,23.63,282.73,306.37,15.48,1,0
S1132,2026-07-20 12:00:00,South,Road,Standard,911.91,775.5,18.27,601.09,621.23,1222.32,406.84,1,0
S1133,2026-07-21 00:00:00,North,Rail,Standard,244.42,836.2,17.38,112.41,260.66,373.07,79.21,1,0
S1134,2026-07-21 12:00:00,East,Road,Standard,278.47,1113.8,27.96,263.62,281.4,545.02,184.58,0,0
S1135,2026-07-22 00:00:00,West,Road,Standard,258.92,988.2,26.04,217.49,221.72,439.21,157.08,0,0
S1136,2026-07-22 12:00:00,South,Rail,Express,314.89,563.3,9.69,97.55,333.63,431.18,58.29,1,0
S1137,2026-07-23 00:00:00,South,Air,Standard,571.52,48.4,0.88,85.69,430.32,516.02,49.31,1,0
S1138,2026-07-23 12:00:00,South,Road,Standard,322.9,208.6,6.32,57.26,317.45,374.7,40.3,1,0
S1139,2026-07-24 00:00:00,North,Road,Standard,954.31,1460.7,37.14,1184.84,591.03,1775.87,715.97,0,1
S1140,2026-07-24 12:00:00,East,Road,Standard,351.06,1386.6,33.73,413.76,305.06,718.82,238.48,0,0
S1141,2026-07-25 00:00:00,South,Road,Express,597.31,514.6,10.78,261.29,497.9,759.19,151.6,1,0
S1142,2026-07-25 12:00:00,West,Road,Standard,288.53,417.9,11.36,102.5,322.35,424.84,63.75,1,0
S1143,2026-07-26 00:00:00,West,Rail,Express,175.96,677.2,12.86,65.53,180.9,246.43,50.99,1,0
S1144,2026-07-26 12:00:00,West,Road,Standard,322.65,1047.3,25.16,287.23,272.91,560.14,168.36,0,0
S1145,2026-07-27 00:00:00,South,Rail,Standard,427.3,561.0,12.97,131.84,310.52,442.36,81.56,1,0
S1146,2026-07-27 12:00:00,South,Road,Standard,227.56,138.2,3.51,26.74,215.62,242.36,20.37,1,0
S1147,2026-07-28 00:00:00,East,Air,Standard,553.35,628.1,2.99,1077.4,361.38,1438.78,831.28,1,0
S1148,2026-07-28 12:00:00,West,Rail,Express,265.05,420.5,10.83,61.29,259.56,320.85,36.94,1,3
S1149,2026-07-29 00:00:00,South,Road,Standard,196.34,514.4,15.1,85.85,256.48,342.32,64.6,1,0
S1150,2026-07-29 12:00:00,West,Road,Express,867.21,277.9,6.98,204.86,561.64,766.5,119.22,1,0
S1151,2026-07-30 00:00:00,North,Road,Express,221.7,1001.9,24.29,188.81,237.86,426.67,136.91,0,0
S1152,2026-07-30 12:00:00,West,Air,Standard,261.26,808.9,4.36,655.11,253.77,908.87,362.27,1,0
S1153,2026-07-31 00:00:00,North,Road,Standard,460.26,435.5,10.31,170.36,420.62,590.98,109.63,1,0
S1154,2026-07-31 12:00:00,North,Road,Standard,283.75,848.6,22.22,204.68,248.54,453.22,124.22,1,0
S1155,2026-08-01 00:00:00,East,Road,Standard,199.9,759.4,19.9,129.02,204.06,333.08,91.85,1,0
S1156,2026-08-01 12:00:00,North,Rail,Express,248.8,1202.1,21.36,164.5,218.77,383.27,91.08,1,0
S1157,2026-08-02 00:00:00,North,Road,Standard,752.22,1435.7,35.19,917.99,482.53,1400.53,603.05,0,0
S1158,2026-08-02 12:00:00,North,Road,Express,434.42,230.8,6.51,85.22,382.75,467.96,60.53,1,0
S1159,2026-08-03 00:00:00,South,Air,Standard,474.76,1330.5,4.14,1958.19,375.04,2333.23,1098.04,1,0
S1160,2026-08-03 12:00:00,West,Road,Standard,378.17,1069.0,30.23,343.62,330.46,674.08,259.92,0,3
S1161,2026-08-04 00:00:00,North,Rail,Standard,408.62,1051.1,20.69,236.23,402.1,638.33,149.55,1,0
S1162,2026-08-04 12:00:00,East,Road,Standard,273.44,586.5,15.89,136.31,330.34,466.65,80.15,1,0
S1163,2026-08-05 00:00:00,West,Road,Express,356.08,542.1,13.55,164.08,241.76,405.84,98.75,1,0
S1164,2026-08-05 12:00:00,North,Air,Standard,114.13,48.2,1.47,17.06,211.92,228.99,10.72,1,0
S1165,2026-08-06 00:00:00,North,Rail,Express,516.67,1474.0,29.49,418.87,414.32,833.19,249.49,0,1
S1166,2026-08-06 12:00:00,West,Rail,Express,272.23,925.5,19.88,138.57,248.96,387.53,92.49,1,2
S1167,2026-08-07 00:00:00,West,Road,Express,183.72,627.4,18.16,97.98,235.79,333.77,68.15,1,1
S1168,2026-08-07 12:00:00,East,Road,Standard,365.77,833.9,20.6,259.26,243.49,502.75,168.44,1,0
S1169,2026-08-08 00:00:00,West,Road,Express,304.05,99.2,2.31,25.63,353.05,378.68,16.61,1,0
S1170,2026-08-08 12:00:00,North,Road,Standard,508.07,293.5,10.19,126.76,422.61,549.37,92.51,1,1
S1171,2026-08-09 00:00:00,South,Road,Express,326.06,950.1,23.08,263.32,260.4,523.72,163.06,1,0
S1172,2026-08-09 12:00:00,East,Road,Standard,246.17,790.8,19.79,165.47,229.05,394.52,114.71,1,0
S1173,2026-08-10 00:00:00,North,Road,Standard,329.83,1189.1,30.54,333.38,224.77,558.15,251.83,0,0
S1174,2026-08-10 12:00:00,West,Road,Standard,629.47,1001.8,26.57,535.99,452.08,988.07,322.1,0,0
S1175,2026-08-11 00:00:00,South,Road,Standard,515.97,918.1,23.14,402.65,382.06,784.71,278.87,1,0
S1176,2026-08-11 12:00:00,West,Road,Standard,433.89,1230.3,29.17,453.74,299.01,752.75,348.49,0,0
S1177,2026-08-12 00:00:00,South,Air,Express,526.45,139.7,1.21,227.93,444.5,672.43,153.14,1,1
S1178,2026-08-12 12:00:00,South,Road,Standard,449.6,1048.7,27.53,400.77,424.73,825.5,310.47,0,2
S1179,2026-08-13 00:00:00,North,Road,Standard,213.79,1084.8,27.16,197.13,236.35,433.48,122.48,0,1
S1180,2026-08-13 12:00:00,North,Rail,Standard,476.56,441.7,10.0,115.78,368.35,484.14,78.71,1,0
S1181,2026-08-14 00:00:00,West,Rail,Express,555.74,325.6,7.6,99.54,445.23,544.77,61.87,1,0
S1182,2026-08-14 12:00:00,North,Road,Express,570.43,352.2,9.23,170.78,432.85,603.63,94.08,1,0
S1183,2026-08-15 00:00:00,North,Road,Standard,191.52,329.3,9.85,53.6,176.64,230.24,41.78,1,1
S1184,2026-08-15 12:00:00,North,Road,Standard,261.63,804.7,21.73,178.96,234.52,413.48,108.31,1,0
S1185,2026-08-16 00:00:00,North,Road,Express,242.87,238.0,8.61,49.14,240.24,289.38,38.02,1,2
S1186,2026-08-16 12:00:00,West,Rail,Express,287.18,1002.6,19.48,158.35,289.12,447.47,110.88,1,0
S1187,2026-08-17 00:00:00,South,Air,Standard,412.83,193.4,2.92,247.53,347.48,595.01,187.6,1,0
S1188,2026-08-17 12:00:00,West,Road,Standard,361.41,79.3,3.46,24.35,328.24,352.59,18.81,1,0
S1189,2026-08-18 00:00:00,North,Rail,Express,361.46,506.2,10.72,100.63,250.19,350.81,68.49,1,0
S1190,2026-08-18 12:00:00,East,Road,Standard,166.36,320.1,12.35,45.27,241.43,286.7,35.31,1,2
S1191,2026-08-19 00:00:00,South,Road,Express,256.88,1483.4,36.29,323.9,261.43,585.34,235.31,0,0
S1192,2026-08-19 12:00:00,South,Rail,Standard,590.17,482.4,10.6,156.58,559.47,716.04,104.98,1,0
S1193,2026-08-20 00:00:00,West,Road,Express,554.62,364.2,9.02,171.7,407.6,579.3,120.3,1,0
S1194,2026-08-20 12:00:00,West,Road,Standard,323.44,327.3,10.67,89.98,312.45,402.43,53.51,1,1
S1195,2026-08-21 00:00:00,West,Road,Standard,477.17,585.8,14.7,237.61,509.76,747.36,131.29,1,0
S1196,2026-08-21 12:00:00,North,Air,Express,395.51,924.5,3.27,1133.56,346.26,1479.82,690.41,1,0
S1197,2026-08-22 00:00:00,North,Road,Express,501.69,1181.6,28.33,503.9,392.89,896.78,327.55,0,0
S1198,2026-08-22 12:00:00,East,Road,Express,486.94,572.3,13.49,236.87,343.41,580.28,142.7,1,0
S1199,2026-08-23 00:00:00,South,Road,Express,335.86,953.9,23.35,272.33,373.5,645.83,181.98,1,0
S1200,2026-08-23 12:00:00,East,Road,Standard,435.15,743.8,22.59,275.12,307.17,582.29,192.95,1,2
